/*
Navicat MySQL Data Transfer

Source Server         : localhost_3306
Source Server Version : 50719
Source Host           : localhost:3306
Source Database       : laravel-blog

Target Server Type    : MYSQL
Target Server Version : 50719
File Encoding         : 65001

Date: 2018-09-22 10:06:00
*/

SET FOREIGN_KEY_CHECKS=0;

-- ----------------------------
-- Table structure for blog_article
-- ----------------------------
DROP TABLE IF EXISTS `blog_article`;
CREATE TABLE `blog_article` (
  `art_id` int(11) NOT NULL AUTO_INCREMENT,
  `art_title` varchar(100) DEFAULT '' COMMENT '//标题',
  `art_tag` varchar(100) DEFAULT '' COMMENT '//关键词',
  `art_description` varchar(255) DEFAULT '' COMMENT '//描述',
  `art_thumb` varchar(255) DEFAULT '' COMMENT '//缩略图',
  `art_content` text COMMENT '//内容',
  `art_time` int(11) DEFAULT '0' COMMENT '//发布时间',
  `art_editor` varchar(50) DEFAULT '' COMMENT '//发布作者',
  `art_view` int(11) DEFAULT '0' COMMENT '//浏览次数',
  `cate_id` int(11) DEFAULT '0' COMMENT '//分类id',
  PRIMARY KEY (`art_id`)
) ENGINE=MyISAM AUTO_INCREMENT=16 DEFAULT CHARSET=utf8 COMMENT='//文章';

-- ----------------------------
-- Records of blog_article
-- ----------------------------
INSERT INTO `blog_article` VALUES ('1', '男子被判刑9年零8个月 当庭\"叫板\"请判10年凑个整', '法律_判刑', '六盘水市中级人民法院刑事审判庭主审法官来到盘州法院，当庭宣判了盘州市首起涉恶团伙案。9名现年18至30岁的当地青年，因2017年连续8次持凶器在当地与他人械斗被捕。在当天的二审裁定宣判中，被告李某房竟当庭提出：“法官，我请求判我十年！', 'uploads/20180907172427_977.jpg', '<p style=\"margin-top: 0px; margin-bottom: 25px; padding: 0px; text-indent: 28px; font-size: 14px; text-align: justify; word-wrap: break-word; word-break: normal; color: rgb(43, 43, 43); font-family: simsun, arial, helvetica, clean, sans-serif; white-space: normal; background-color: rgb(255, 255, 255);\">原标题：盘州市首例涉恶团伙案终审判决，一名被告竟当庭“叫板”—— 9年8个月太短，干脆判我10年</p><p style=\"margin-top: 0px; margin-bottom: 25px; padding: 0px; text-indent: 28px; font-size: 14px; text-align: center; word-wrap: break-word; word-break: normal; color: rgb(43, 43, 43); font-family: simsun, arial, helvetica, clean, sans-serif; white-space: normal; background-color: rgb(255, 255, 255);\"><img src=\"/ueditor/php/upload/image/20180907/1536312296109027.jpg\" alt=\"\" style=\"border: 0px; vertical-align: bottom; display: block; margin: 0px auto; max-width: 100%; height: auto;\"/><img src=\"/ueditor/php/upload/image/20180907/1536312296224238.jpg\" alt=\"\" style=\"border: 0px; vertical-align: bottom; display: block; margin: 0px auto; max-width: 100%; height: auto; text-indent: 2em;\"/><img src=\"/ueditor/php/upload/image/20180907/1536312296876981.jpg\" alt=\"\" style=\"border: 0px; vertical-align: bottom; display: block; margin: 0px auto; max-width: 100%; height: auto; text-indent: 2em;\"/></p><p style=\"margin-top: 0px; margin-bottom: 25px; padding: 0px; text-indent: 28px; font-size: 14px; text-align: center; word-wrap: break-word; word-break: normal; color: rgb(43, 43, 43); font-family: simsun, arial, helvetica, clean, sans-serif; white-space: normal; background-color: rgb(255, 255, 255);\">宣判现场。</p><p style=\"margin-top: 0px; margin-bottom: 25px; padding: 0px; text-indent: 28px; font-size: 14px; text-align: justify; word-wrap: break-word; word-break: normal; color: rgb(43, 43, 43); font-family: simsun, arial, helvetica, clean, sans-serif; white-space: normal; background-color: rgb(255, 255, 255);\">9月5日下午，六盘水市中级人民法院刑事审判庭主审法官来到盘州法院，当庭宣判了盘州市首起涉恶团伙案。9名现年18至30岁的当地青年，因2017年连续8次持凶器在当地与他人械斗被捕。在当天的二审裁定宣判中，被告李某房竟当庭提出：“法官，我请求判我十年！”</p><p style=\"margin-top: 0px; margin-bottom: 25px; padding: 0px; text-indent: 28px; font-size: 14px; text-align: justify; word-wrap: break-word; word-break: normal; color: rgb(43, 43, 43); font-family: simsun, arial, helvetica, clean, sans-serif; white-space: normal; background-color: rgb(255, 255, 255);\"><strong>涉恶团伙，1年犯案8次</strong></p><p style=\"margin-top: 0px; margin-bottom: 25px; padding: 0px; text-indent: 28px; font-size: 14px; text-align: justify; word-wrap: break-word; word-break: normal; color: rgb(43, 43, 43); font-family: simsun, arial, helvetica, clean, sans-serif; white-space: normal; background-color: rgb(255, 255, 255);\">据了解，这是盘州市首起恶势力犯罪团伙案公开宣判，9名犯罪嫌疑人全部是盘州当地青年，仅2017年就作案8起，其中故意伤害2次、聚众斗殴3次、寻衅滋事3次。李某运为团伙首要分子，李某房、屠某行、程某某、翟某平、卢某、王某涛(另案处理)为主要成员，以刘某荣、代某以及另案处理的其余7人为临时成员，他们造成多人不同程度受伤，多人财产受损，严重影响当地社会治安秩序，造成恶劣的社会影响。</p><p style=\"margin-top: 0px; margin-bottom: 25px; padding: 0px; text-indent: 28px; font-size: 14px; text-align: justify; word-wrap: break-word; word-break: normal; color: rgb(43, 43, 43); font-family: simsun, arial, helvetica, clean, sans-serif; white-space: normal; background-color: rgb(255, 255, 255);\">当天公开宣判时，在列的还有一名女被告人——现年43岁的李某梅。2017年2月，她以焦某经常骚扰自己为由，出资找人邀约李某房等人教训焦某。同年2月16日，上述人等驾车到盘州市石桥镇佳竹箐煤矿门口，对焦某进行殴打，致焦某重伤。</p><p style=\"margin-top: 0px; margin-bottom: 25px; padding: 0px; text-indent: 28px; font-size: 14px; text-align: justify; word-wrap: break-word; word-break: normal; color: rgb(43, 43, 43); font-family: simsun, arial, helvetica, clean, sans-serif; white-space: normal; background-color: rgb(255, 255, 255);\"><strong>无故生事，一言不合就械斗</strong></p><p style=\"margin-top: 0px; margin-bottom: 25px; padding: 0px; text-indent: 28px; font-size: 14px; text-align: justify; word-wrap: break-word; word-break: normal; color: rgb(43, 43, 43); font-family: simsun, arial, helvetica, clean, sans-serif; white-space: normal; background-color: rgb(255, 255, 255);\">除上述被雇佣行凶事件外，2017年2月和5月，上述被告人接到电话邀约持刀前往参与打斗，最终追砍受害人致其轻伤二级。</p><p style=\"margin-top: 0px; margin-bottom: 25px; padding: 0px; text-indent: 28px; font-size: 14px; text-align: justify; word-wrap: break-word; word-break: normal; color: rgb(43, 43, 43); font-family: simsun, arial, helvetica, clean, sans-serif; white-space: normal; background-color: rgb(255, 255, 255);\">同年2月6日凌晨，因在烤鱼店嫌邻桌“声音有点大”为由随意殴打客人；</p><p style=\"margin-top: 0px; margin-bottom: 25px; padding: 0px; text-indent: 28px; font-size: 14px; text-align: justify; word-wrap: break-word; word-break: normal; color: rgb(43, 43, 43); font-family: simsun, arial, helvetica, clean, sans-serif; white-space: normal; background-color: rgb(255, 255, 255);\">同年4月19日凌晨，酒后无故打砸路边商铺卷帘门及路边车辆；</p><p style=\"margin-top: 0px; margin-bottom: 25px; padding: 0px; text-indent: 28px; font-size: 14px; text-align: justify; word-wrap: break-word; word-break: normal; color: rgb(43, 43, 43); font-family: simsun, arial, helvetica, clean, sans-serif; white-space: normal; background-color: rgb(255, 255, 255);\">同年5月的一天，接受刘某(另案处理)安排借故生事，持凶器到一驾校建筑工地上堵工，影响施工秩序。</p><p style=\"margin-top: 0px; margin-bottom: 25px; padding: 0px; text-indent: 28px; font-size: 14px; text-align: justify; word-wrap: break-word; word-break: normal; color: rgb(43, 43, 43); font-family: simsun, arial, helvetica, clean, sans-serif; white-space: normal; background-color: rgb(255, 255, 255);\">此外，2017年3月9日，被告人刘某荣、程某某共谋前往红果大酒店偷走三部手机。</p><p style=\"margin-top: 0px; margin-bottom: 25px; padding: 0px; text-indent: 28px; font-size: 14px; text-align: justify; word-wrap: break-word; word-break: normal; color: rgb(43, 43, 43); font-family: simsun, arial, helvetica, clean, sans-serif; white-space: normal; background-color: rgb(255, 255, 255);\">一审法院依据《刑法》相关规定，以上述被告人犯聚众斗殴罪、故意伤害罪、寻衅滋事等罪名，判处上述被告人有期徒刑2年4个月至9年8个月。被告人李某梅因故意伤害罪判处有期徒刑2年，缓刑2年。</p><p style=\"margin-top: 0px; margin-bottom: 25px; padding: 0px; text-indent: 28px; font-size: 14px; text-align: justify; word-wrap: break-word; word-break: normal; color: rgb(43, 43, 43); font-family: simsun, arial, helvetica, clean, sans-serif; white-space: normal; background-color: rgb(255, 255, 255);\"><strong>认为一审量刑过重，9被告上诉</strong></p><p style=\"margin-top: 0px; margin-bottom: 25px; padding: 0px; text-indent: 28px; font-size: 14px; text-align: justify; word-wrap: break-word; word-break: normal; color: rgb(43, 43, 43); font-family: simsun, arial, helvetica, clean, sans-serif; white-space: normal; background-color: rgb(255, 255, 255);\">一审判决后，9名被告以量刑过重为由提起上诉。</p><p style=\"margin-top: 0px; margin-bottom: 25px; padding: 0px; text-indent: 28px; font-size: 14px; text-align: justify; word-wrap: break-word; word-break: normal; color: rgb(43, 43, 43); font-family: simsun, arial, helvetica, clean, sans-serif; white-space: normal; background-color: rgb(255, 255, 255);\">六盘水市中级人民法院受理后认定，原审判决认定事实和适用法律正确、量刑适当，审判程序合法。依照《民法》、《刑法》及最高法院相关司法解释之规定，决定驳回上诉，维持原判。当日所宣判裁定为终审裁定。</p><p style=\"margin-top: 0px; margin-bottom: 25px; padding: 0px; text-indent: 28px; font-size: 14px; text-align: justify; word-wrap: break-word; word-break: normal; color: rgb(43, 43, 43); font-family: simsun, arial, helvetica, clean, sans-serif; white-space: normal; background-color: rgb(255, 255, 255);\">当庭宣判后，原本上诉理由为“量刑过重”的李某房竟然当庭表达异议:“法官，我认为9年8个月太短了，你干脆判我10年好了，凑个整。”这一请求令法官哭笑不得，说：“下次吧，下次我成全你。”有网友则调侃称：这大哥可能是个处女座，有“强迫症”。</p>', '1536312800', '贵州都市报', '0', '3');
INSERT INTO `blog_article` VALUES ('2', '个税改革民众受益多少？专项扣除引发广泛讨论', '民众_税收', '基本减除费用标准并非此次个税改革的核心，如何通过优化税率标准，改革个税模式，更好地体现公平，才是改革的重点所在', 'uploads/20180907172309_818.jpeg', '<p style=\"margin-top: 0px; margin-bottom: 0px; padding: 12px 0px; outline: 0px; text-indent: 2em; font-size: 18px; line-height: 32px; color: rgb(51, 51, 51); font-family: 微软雅黑, &quot;Microsoft YaHei&quot;, arial, sans-serif; white-space: normal; background-color: rgb(255, 255, 255);\">个税改革：民众受益多少？</p><p style=\"margin-top: 0px; margin-bottom: 0px; padding: 12px 0px; outline: 0px; text-indent: 2em; font-size: 18px; line-height: 32px; color: rgb(51, 51, 51); font-family: 微软雅黑, &quot;Microsoft YaHei&quot;, arial, sans-serif; white-space: normal; background-color: rgb(255, 255, 255);\">基本减除费用标准并非此次个税改革的核心，如何通过优化税率标准，改革个税模式，更好地体现公平，才是改革的重点所在</p><p style=\"margin-top: 0px; margin-bottom: 0px; padding: 12px 0px; outline: 0px; text-indent: 2em; font-size: 18px; line-height: 32px; color: rgb(51, 51, 51); font-family: 微软雅黑, &quot;Microsoft YaHei&quot;, arial, sans-serif; white-space: normal; background-color: rgb(255, 255, 255);\">中国新闻周刊记者/贺斌</p><p style=\"margin-top: 0px; margin-bottom: 0px; padding: 12px 0px; outline: 0px; text-indent: 2em; font-size: 18px; line-height: 32px; color: rgb(51, 51, 51); font-family: 微软雅黑, &quot;Microsoft YaHei&quot;, arial, sans-serif; white-space: normal; background-color: rgb(255, 255, 255);\">人民币资料图 中新网记者 金硕 摄</p><p style=\"margin-top: 0px; margin-bottom: 0px; padding: 12px 0px; outline: 0px; text-indent: 2em; font-size: 18px; line-height: 32px; color: rgb(51, 51, 51); font-family: 微软雅黑, &quot;Microsoft YaHei&quot;, arial, sans-serif; white-space: normal; background-color: rgb(255, 255, 255);\">个人所得税法第7次修订尘埃落定。</p><p style=\"margin-top: 0px; margin-bottom: 0px; padding: 12px 0px; outline: 0px; text-indent: 2em; font-size: 18px; line-height: 32px; color: rgb(51, 51, 51); font-family: 微软雅黑, &quot;Microsoft YaHei&quot;, arial, sans-serif; white-space: normal; background-color: rgb(255, 255, 255);\">8月31日，第十三届全国人大常委会第五次会议以157票赞成，2票反对，11票弃权，表决通过了关于修改个人所得税法的决定。</p><p style=\"margin-top: 0px; margin-bottom: 0px; padding: 12px 0px; outline: 0px; text-indent: 2em; font-size: 18px; line-height: 32px; color: rgb(51, 51, 51); font-family: 微软雅黑, &quot;Microsoft YaHei&quot;, arial, sans-serif; white-space: normal; background-color: rgb(255, 255, 255);\">这是1980年个人所得税法出台以来第7次大修，被舆论称为是一次根本性变革。自此，中国个人所得税告别此前按月征收、按次征收的方式，明年将采取综合征收模式。</p><p style=\"margin-top: 0px; margin-bottom: 0px; padding: 12px 0px; outline: 0px; text-indent: 2em; font-size: 18px; line-height: 32px; color: rgb(51, 51, 51); font-family: 微软雅黑, &quot;Microsoft YaHei&quot;, arial, sans-serif; white-space: normal; background-color: rgb(255, 255, 255);\">作为和民众息息相关的个人所得税法修正一个根本性突破是：首次将劳务报酬、稿酬、特许权使用费三项所得与工资、薪金所得合并计算纳税，实现了从分类税制向综合与分类相结合的个人所得税制的重大转变。同时，加大了减税力度，基本减除费用标准(俗称“起征点”)从3500元提高到5000元，虽然还是实行从3%到45%的7档超额累计税率，但扩大了3%、10%、20%三档低税率的级距。此外，在此前三险一金的专项扣除基础上，将子女教育、继续教育、大病医疗、住房贷款利息或者住房租金、赡养老人等六项支出设为专项附加扣除。</p><p style=\"margin-top: 0px; margin-bottom: 0px; padding: 12px 0px; outline: 0px; text-indent: 2em; font-size: 18px; line-height: 32px; color: rgb(51, 51, 51); font-family: 微软雅黑, &quot;Microsoft YaHei&quot;, arial, sans-serif; white-space: normal; background-color: rgb(255, 255, 255);\">尽管此次个人所得税法的修改在个税改革的进程中实现了巨大的跨越，但多位受访专家认为此次草案出台较为仓促，一些条款内容还比较粗放，还需要在未来的配套中加以细化。</p><p style=\"margin-top: 0px; margin-bottom: 0px; padding: 12px 0px; outline: 0px; text-indent: 2em; font-size: 18px; line-height: 32px; color: rgb(51, 51, 51); font-family: 微软雅黑, &quot;Microsoft YaHei&quot;, arial, sans-serif; white-space: normal; background-color: rgb(255, 255, 255);\">新通过的个人所得税法依旧延续一审时确定的起征点和税率结构，但在业内人士看来，专项附加扣除尽管提升了公平性，但也面临如何解决效率以及税制竞争力的难题，同时还要兼顾公平与效率。</p><p style=\"margin-top: 0px; margin-bottom: 0px; padding: 12px 0px; outline: 0px; text-indent: 2em; font-size: 18px; line-height: 32px; color: rgb(51, 51, 51); font-family: 微软雅黑, &quot;Microsoft YaHei&quot;, arial, sans-serif; white-space: normal; background-color: rgb(255, 255, 255);\">专项扣除引发广泛讨论</p><p style=\"margin-top: 0px; margin-bottom: 0px; padding: 12px 0px; outline: 0px; text-indent: 2em; font-size: 18px; line-height: 32px; color: rgb(51, 51, 51); font-family: 微软雅黑, &quot;Microsoft YaHei&quot;, arial, sans-serif; white-space: normal; background-color: rgb(255, 255, 255);\">2018年6月19日，个人所得税法修正案草案提交全国人大常委会会议审议，6月29日起在中国人大网公开征求意见。根据中国人大网站的数据，截至7月28日，共收到意见131207条，参与人数67291人。</p><p><br/></p>', '1536312800', '中国新闻网', '0', '3');
INSERT INTO `blog_article` VALUES ('3', '踏断东南天一角：中国如何在阿根廷建立新的战略影响力', '东南海_中国_阿根廷', '踏断东南天一角：中国如何在阿根廷建立新的战略影响力;继土耳其后，今年8月阿根廷比索兑美元汇率也暴跌37%。但相比于能获得卡塔尔150亿美元投资和中国36亿美元贷款的土耳其，阿根廷却至今未能获得其他国家的资金援助，总统马克里甚至被迫请求特朗普和IMF放款协助。', 'uploads/20180907172630_548.png', '<p><span style=\"color: rgb(102, 102, 102); font-family: &quot;Microsoft Yahei&quot;, 微软雅黑, SimSun, 宋体, &quot;Arial Narrow&quot;, serif; font-size: 14px; background-color: rgb(255, 255, 255);\">继土耳其后，今年8月阿根廷比索兑美元汇率也暴跌37%。但相比于能获得卡塔尔150亿美元投资和中国36亿美元贷款的土耳其，阿根廷却至今未能获得其他国家的资金援助，总统马克里甚至被迫请求特朗普和IMF放款协助。货币暴跌带来的是经济危机，阿根廷目前不仅全国三分之一的人生活水平退居贫困线以下，首都布宜诺斯艾利斯市内的廉价公共食堂也变得人满为患。但在经济危机下，阿根廷却并未停止外购军备的步伐，今年5月阿根廷就宣布以总共1300万欧元（约1亿元人民币）的价格，向法国海军购买5架二手超军旗攻击机，以及2台备用的阿塔8K50发动机。阿根廷为何沦落到今天这般窘境，中国又该如何通过合作在阿根廷获取更大的战略利益。本期《出鞘》带您关注经济危机中的南美大国阿根廷。（查看完整内容搜索微信公众号：sinamilnews）</span></p><p><a slide-type=\"prev\" action-type=\"slide-prev\" class=\"rgba-w-60 swp-btn swp-prev\" title=\"上一张\" hidefocus=\"\" style=\"outline: none; color: rgb(153, 153, 153); position: absolute; top: 548.5px; margin-top: -105px; display: block; padding: 15px 20px; background: rgba(255, 255, 255, 0.6); left: 25px; font-family: &quot;Microsoft Yahei&quot;, 微软雅黑, SimSun, 宋体, &quot;Arial Narrow&quot;, serif; font-size: 12px; white-space: normal;\"><span style=\"background-image: url(&quot;http://www.sinaimg.cn/dy/deco/2014/0212/images/bg.png&quot;); background-repeat: no-repeat; display: block; width: 21px; height: 41px; overflow: hidden; cursor: pointer; background-position: 0px -230px;\"></span></a></p><p><ins class=\"sinaads sinaads-done\" data-ad-pdps=\"PDPS000000058099\" data-ad-status=\"done\" style=\"display: block; overflow: hidden; text-decoration-line: none;\"><ins style=\"text-decoration-line: none; margin: 0px auto; width: 1000px; display: block; position: relative; overflow: hidden;\"><br/></ins></ins></p><p>阿根廷购买超军旗攻击机，不得不让人回想起上世纪80年代爆发的英阿马岛战争。在这场战争中，阿根廷虽然因超军旗攻击机一举击沉英国军舰“谢菲尔德”号而一度扬名国际，但失去马岛的最后结果依然让其民族自信受到重创。阿根廷军政府为转移民怨而故意挑起的这场战争，最后也埋葬了以加尔铁里总统为首的军政府本身。从那时起，马岛就成为了阿根廷人心中永远的痛以及阿根廷政客手中可操弄的选举议题。比如在9月2日，外媒H I Sutton网站就爆料称一艘阿根廷调查船秘密潜入了马岛附近进行侦查，期间还在马岛水域碰上了一艘英国海军的近海巡逻艇（P257）。</p><p><br/></p>', '1536312461', '新浪编辑社', '0', '5');
INSERT INTO `blog_article` VALUES ('4', '脑瘫哥哥受欺负 3岁妹妹为兄与7岁男孩打架', '脑瘫哥哥受欺负 3岁妹妹为兄与7岁男孩打架', '万物皆有裂痕，那是光照进来的地方。“哥哥别担心，有我呢，谁欺负你我就去打他！”3岁的妹妹、8岁的哥哥，本应该拥有无忧无虑的童年，享受自由自在的生活。可是在河北邢台一个家庭，3岁的妹妹却要在学校照顾哥哥，甚至在哥哥被人欺负时，挡在他前面，和比自己大好几岁的男孩们“打架”。', 'uploads/20180907172833_140.jpeg', '<p style=\"margin-top: 0px; margin-bottom: 0px; padding: 12px 0px; outline: 0px; text-indent: 2em; font-size: 18px; line-height: 32px; color: rgb(51, 51, 51); font-family: 微软雅黑, &quot;Microsoft YaHei&quot;, arial, sans-serif; white-space: normal; background-color: rgb(255, 255, 255);\"><img class=\"content-picture\" alt=\"\" src=\"/ueditor/php/upload/image/20180907/1536312531764722.jpeg\" style=\"border: none; display: block; margin-left: auto; margin-right: auto; max-width: 100%; background-color: rgb(241, 240, 240);\"/></p><p style=\"margin-top: 0px; margin-bottom: 0px; padding: 12px 0px; outline: 0px; text-indent: 2em; font-size: 18px; line-height: 32px; color: rgb(51, 51, 51); font-family: 微软雅黑, &quot;Microsoft YaHei&quot;, arial, sans-serif; white-space: normal; background-color: rgb(255, 255, 255);\">“哥哥别担心，有我呢，谁欺负你我就去打他！”3岁的妹妹、8岁的哥哥，本应该拥有无忧无虑的童年，享受自由自在的生活。可是在河北邢台一个家庭，3岁的妹妹却要在学校照顾哥哥，甚至在哥哥被人欺负时，挡在他前面，和比自己大好几岁的男孩们“打架”。这究竟是一对怎么样兄妹？（腾讯大燕网·冀录 侯罗鹏/图 王晔昕/文）</p><p style=\"margin-top: 0px; margin-bottom: 0px; padding: 12px 0px; outline: 0px; text-indent: 2em; font-size: 18px; line-height: 32px; color: rgb(51, 51, 51); font-family: 微软雅黑, &quot;Microsoft YaHei&quot;, arial, sans-serif; white-space: normal; background-color: rgb(255, 255, 255);\"><img class=\"content-picture\" alt=\"\" src=\"/ueditor/php/upload/image/20180907/1536312542290400.jpeg\" style=\"border: none; display: block; margin-left: auto; margin-right: auto; max-width: 100%; background-color: rgb(241, 240, 240);\"/></p><p style=\"margin-top: 0px; margin-bottom: 0px; padding: 12px 0px; outline: 0px; text-indent: 2em; font-size: 18px; line-height: 32px; color: rgb(51, 51, 51); font-family: 微软雅黑, &quot;Microsoft YaHei&quot;, arial, sans-serif; white-space: normal; background-color: rgb(255, 255, 255);\">邢台一个村子里的普通人家，哥哥睿睿8岁，一生下来没多久就被确诊患有脑瘫，双腿无法站立；妹妹佳佳今年3岁，和哥哥在同一所学校，她在上幼儿园。</p><p style=\"margin-top: 0px; margin-bottom: 0px; padding: 12px 0px; outline: 0px; text-indent: 2em; font-size: 18px; line-height: 32px; color: rgb(51, 51, 51); font-family: 微软雅黑, &quot;Microsoft YaHei&quot;, arial, sans-serif; white-space: normal; background-color: rgb(255, 255, 255);\"><img class=\"content-picture\" alt=\"\" src=\"/ueditor/php/upload/image/20180907/1536312550978606.jpeg\" style=\"border: none; display: block; margin-left: auto; margin-right: auto; max-width: 100%; background-color: rgb(241, 240, 240);\"/></p><p style=\"margin-top: 0px; margin-bottom: 0px; padding: 12px 0px; outline: 0px; text-indent: 2em; font-size: 18px; line-height: 32px; color: rgb(51, 51, 51); font-family: 微软雅黑, &quot;Microsoft YaHei&quot;, arial, sans-serif; white-space: normal; background-color: rgb(255, 255, 255);\">35岁的闫书威，是兄妹俩的妈妈。在睿睿被确诊为脑瘫后，受到巨大打击，患上了抑郁症，闫书威几乎天天以泪洗面。</p><p style=\"margin-top: 0px; margin-bottom: 0px; padding: 12px 0px; outline: 0px; text-indent: 2em; font-size: 18px; line-height: 32px;\"><img class=\"content-picture\" alt=\"\" src=\"/ueditor/php/upload/image/20180907/1536312556259010.jpeg\" style=\"border: none; display: block; margin-left: auto; margin-right: auto; max-width: 100%; background-color: rgb(241, 240, 240);\"/></p><p style=\"margin-top: 0px; margin-bottom: 0px; padding: 12px 0px; outline: 0px; text-indent: 2em; font-size: 18px; line-height: 32px;\">一家人过得相当艰难，平时爸爸出去打工挣医药费，妈妈在家做微商补贴家用。爷爷奶奶辛苦了一辈子，拉扯大几个儿女，颐养天年的时候，却还要帮助儿子继续拉扯他们的孩子。</p><p><br/></p>', '1536312558', '腾讯图片', '0', '4');
INSERT INTO `blog_article` VALUES ('5', '美国想用贸易战困住中国？这一领域的布局早已开始', '美国_贸易_中国', '美国想用贸易战困住中国？这一领域的布局早已开始;俄新社近日刊文称，美国液化天然气对华出口减少发生在两国贸易矛盾加剧的背景下，这可以理解。与路透社分享自己观点的交易者表示，现在中国正在全力寻找替代供应源。不在全球竞争者中，而是在邻国中物色是十分自然的。', 'uploads/20180907172959_940.jpg', '<p style=\"margin-top: 0px; margin-bottom: 30px; padding: 0px; text-size-adjust: 100%; color: rgb(77, 79, 83); font-family: &quot;Microsoft Yahei&quot;, 微软雅黑, &quot;STHeiti Light&quot;, 华文细黑, SimSun, 宋体, Arial, sans-serif; font-size: 18px; letter-spacing: 1px; white-space: normal;\">俄新社近日刊文称，美国液化天然气对华出口减少发生在两国贸易矛盾加剧的背景下，这可以理解。与路透社分享自己观点的交易者表示，现在中国正在全力寻找替代供应源。不在全球竞争者中，而是在邻国中物色是十分自然的。&nbsp; &nbsp; &nbsp;</p><p style=\"margin-top: 0px; margin-bottom: 30px; padding: 0px; text-size-adjust: 100%; color: rgb(77, 79, 83); font-family: &quot;Microsoft Yahei&quot;, 微软雅黑, &quot;STHeiti Light&quot;, 华文细黑, SimSun, 宋体, Arial, sans-serif; font-size: 18px; letter-spacing: 1px; white-space: normal;\">　　文章称，中国海关总署近日发布数据显示，2018年前7个月俄中贸易额增长25.8%，目前已达到583.5亿美元。&nbsp;</p><p style=\"margin-top: 0px; margin-bottom: 30px; padding: 0px; text-size-adjust: 100%; color: rgb(77, 79, 83); font-family: &quot;Microsoft Yahei&quot;, 微软雅黑, &quot;STHeiti Light&quot;, 华文细黑, SimSun, 宋体, Arial, sans-serif; font-size: 18px; letter-spacing: 1px; white-space: normal;\">　　文章称，尤其值得注意的是，中国的官员和专家一直关注“贸易平衡”，非常赞许地看着俄中贸易额增长。&nbsp;</p><p><img src=\"/ueditor/php/upload/image/20180907/1536312631837699.jpg\" alt=\"\" style=\"border: 0px; vertical-align: middle; display: block; margin: 0px auto; max-width: 640px;\"/><span class=\"img_descr\" style=\"line-height: 20px; padding: 6px 0px; font-size: 16px; margin: 5px auto; display: inline-block; zoom: 1; text-align: left; font-weight: 700;\"></span></p><p style=\"margin-top: 0px; margin-bottom: 30px; padding: 0px; text-size-adjust: 100%; color: rgb(77, 79, 83); font-family: &quot;Microsoft Yahei&quot;, 微软雅黑, &quot;STHeiti Light&quot;, 华文细黑, SimSun, 宋体, Arial, sans-serif; font-size: 18px; letter-spacing: 1px; white-space: normal;\">　　文章称，中国对俄出口额仅在同期就增长了16.6%并达到269亿美元。中国自俄进口额则猛增34.9%——达到314.5亿美元。从全球市场的角度看来，这似乎相当奇怪。</p><p style=\"margin-top: 0px; margin-bottom: 30px; padding: 0px; text-size-adjust: 100%; color: rgb(77, 79, 83); font-family: &quot;Microsoft Yahei&quot;, 微软雅黑, &quot;STHeiti Light&quot;, 华文细黑, SimSun, 宋体, Arial, sans-serif; font-size: 18px; letter-spacing: 1px; white-space: normal;\">　　文章称，从变化的规模开始讲。2016年俄中贸易额相对俄GDP增速而言增长2.2%，达到695.2亿美元。2017年这一指标“飞跃式”增长20.8%，达840.7亿美元。当然，这比不了美中的近6000亿美元贸易额，但已经是非常有意义的数字。&nbsp;</p><p style=\"margin-top: 0px; margin-bottom: 30px; padding: 0px; text-size-adjust: 100%; color: rgb(77, 79, 83); font-family: &quot;Microsoft Yahei&quot;, 微软雅黑, &quot;STHeiti Light&quot;, 华文细黑, SimSun, 宋体, Arial, sans-serif; font-size: 18px; letter-spacing: 1px; white-space: normal;\">　　文章称，对俄中来说都算得上最大型战略项目的“西伯利亚力量”、北方航道和经过哈萨克斯坦的高速运输走廊还未启动。“基础的”跨欧亚铁路走廊（跨西伯利亚干线和贝阿干线）同样才刚开始拆轨道。&nbsp;</p><p style=\"margin-top: 0px; margin-bottom: 30px; padding: 0px; text-size-adjust: 100%; color: rgb(77, 79, 83); font-family: &quot;Microsoft Yahei&quot;, 微软雅黑, &quot;STHeiti Light&quot;, 华文细黑, SimSun, 宋体, Arial, sans-serif; font-size: 18px; letter-spacing: 1px; white-space: normal;\">　　文章称，与此同时，路透社援引船运数据显示，今年7月美国出口到中国的液化天然气降至2018年以来最低，仅有13万吨。</p><p><img src=\"/ueditor/php/upload/image/20180907/1536312631488040.jpg\" alt=\"▲液化天然气运输船（路透社）\" style=\"border: 0px; vertical-align: middle; display: block; margin: 0px auto; max-width: 640px;\"/><span class=\"img_descr\" style=\"line-height: 20px; padding: 6px 0px; font-size: 16px; margin: 5px auto; display: inline-block; zoom: 1; text-align: left; font-weight: 700;\">▲液化天然气运输船（路透社）</span></p><p style=\"margin-top: 0px; margin-bottom: 30px; padding: 0px; text-size-adjust: 100%; color: rgb(77, 79, 83); font-family: &quot;Microsoft Yahei&quot;, 微软雅黑, &quot;STHeiti Light&quot;, 华文细黑, SimSun, 宋体, Arial, sans-serif; font-size: 18px; letter-spacing: 1px; white-space: normal;\">　　文章称，然而近几个月来自澳大利亚、马来西亚、印尼、俄罗斯和巴布亚新几内亚的供应增加。但其中占比最大的是俄罗斯。&nbsp;</p><p style=\"margin-top: 0px; margin-bottom: 30px; padding: 0px; text-size-adjust: 100%; color: rgb(77, 79, 83); font-family: &quot;Microsoft Yahei&quot;, 微软雅黑, &quot;STHeiti Light&quot;, 华文细黑, SimSun, 宋体, Arial, sans-serif; font-size: 18px; letter-spacing: 1px; white-space: normal;\">　　文章认为，总体上美国液化天然气对华出口减少发生在两国贸易矛盾加剧的背景下，这可以理解。</p><p style=\"margin-top: 0px; margin-bottom: 30px; padding: 0px; text-size-adjust: 100%; color: rgb(77, 79, 83); font-family: &quot;Microsoft Yahei&quot;, 微软雅黑, &quot;STHeiti Light&quot;, 华文细黑, SimSun, 宋体, Arial, sans-serif; font-size: 18px; letter-spacing: 1px; white-space: normal;\">　　文章称，与路透社分享自己观点的交易者表示，现在中国正在全力寻找替代供应源。不在全球竞争者中，而是在邻国中物色是十分自然的。&nbsp;</p><p style=\"margin-top: 0px; margin-bottom: 30px; padding: 0px; text-size-adjust: 100%; color: rgb(77, 79, 83); font-family: &quot;Microsoft Yahei&quot;, 微软雅黑, &quot;STHeiti Light&quot;, 华文细黑, SimSun, 宋体, Arial, sans-serif; font-size: 18px; letter-spacing: 1px; white-space: normal;\">　　文章称，但同样不止如此。让我们转向土耳其，那里传出了值得关注的新闻。土耳其能源和自然资源部部长法提赫·登梅兹称，除锡诺普核电站和阿库尤核电站外，土耳其计划在国家西北部落实第三个核电站的建设项目。将建设核电站的不是俄罗斯人，而是中国人。&nbsp;</p><p><img src=\"/ueditor/php/upload/image/20180907/1536312631257947.jpg\" alt=\"▲在建的阿库尤核电站（德新社）\" style=\"border: 0px; vertical-align: middle; display: block; margin: 0px auto; max-width: 640px;\"/><span class=\"img_descr\" style=\"line-height: 20px; padding: 6px 0px; font-size: 16px; margin: 5px auto; display: inline-block; zoom: 1; text-align: left; font-weight: 700;\">▲在建的阿库尤核电站（德新社）</span></p><p><ins class=\"sinaads sinaads-done\" id=\"Sinads49447\" data-ad-pdps=\"PDPS000000044099\" data-ad-status=\"done\" style=\"display: block; overflow: hidden; text-decoration-line: none;\"><ins style=\"text-decoration-line: none; margin: 0px auto; width: 300px; display: block; position: relative; overflow: hidden;\"><br/></ins></ins></p><p style=\"margin-top: 0px; margin-bottom: 30px; padding: 0px; text-size-adjust: 100%; color: rgb(77, 79, 83); font-family: &quot;Microsoft Yahei&quot;, 微软雅黑, &quot;STHeiti Light&quot;, 华文细黑, SimSun, 宋体, Arial, sans-serif; font-size: 18px; letter-spacing: 1px; white-space: normal;\">　　文章称，在落实俄罗斯的阿库尤核电站项目和中国的色雷斯核电站项目的情况下，以及考虑到通过土耳其天然气管道和“蓝色溪流”供气，土耳其几乎完全变为所谓的欧亚能源平台。&nbsp; &nbsp; &nbsp;</p><p style=\"margin-top: 0px; margin-bottom: 30px; padding: 0px; text-size-adjust: 100%; color: rgb(77, 79, 83); font-family: &quot;Microsoft Yahei&quot;, 微软雅黑, &quot;STHeiti Light&quot;, 华文细黑, SimSun, 宋体, Arial, sans-serif; font-size: 18px; letter-spacing: 1px; white-space: normal;\">　　文章认为，这只是全球经济的系统性地区化。现任美国总统特朗普和他的政策不过是催化剂。实际上，俄中在这方面与其说“形成趋势”，不如说跟随十分自然的全球化进程。</p><p class=\"article-editor\" style=\"margin-top: 0px; margin-bottom: 30px; padding: 0px; text-size-adjust: 100%; color: rgb(77, 79, 83); font-family: &quot;Microsoft Yahei&quot;, 微软雅黑, &quot;STHeiti Light&quot;, 华文细黑, SimSun, 宋体, Arial, sans-serif; font-size: 18px; letter-spacing: 1px; white-space: normal;\">责任编辑：李彦丽</p><p><br/></p>', '1536312636', '新浪财经', '0', '4');
INSERT INTO `blog_article` VALUES ('6', '最强魔改米格-21在中国诞生 连亲妈都不认识', '飞机_中国军事', '9月5日上午，中航贵飞公司在安顺为首架FTC-2000G战斗机举行了隆重的总装交付仪式，标志着地表最强魔改米格-21就此诞生。要知道这架FTC-2000G的前机身刚在8月9日交付，结果贵飞在不到一个月的时间里就把整机组装出来了，再次彰显中国速度。', 'uploads/20180907173138_146.jpeg', '<p style=\"margin-top: 0px; margin-bottom: 25px; padding: 0px; text-indent: 28px; font-size: 14px; text-align: justify; word-wrap: break-word; word-break: normal; color: rgb(43, 43, 43); font-family: simsun, arial, helvetica, clean, sans-serif; white-space: normal; background-color: rgb(255, 255, 255);\">9月5日上午，中航贵飞公司在安顺为首架FTC-2000G战斗机举行了隆重的总装交付仪式，标志着地表最强魔改米格-21就此诞生。要知道这架FTC-2000G的前机身刚在8月9日交付，结果贵飞在不到一个月的时间里就把整机组装出来了，再次彰显中国速度。</p><p class=\"detailPic\" style=\"margin: 0px auto; padding: 0px; text-indent: 28px; font-size: 14px; text-align: center; word-wrap: break-word; word-break: normal; color: rgb(43, 43, 43); font-family: simsun, arial, helvetica, clean, sans-serif; white-space: normal; background-color: rgb(255, 255, 255);\"><img src=\"/ueditor/php/upload/image/20180907/1536312730461195.jpeg\" style=\"border: 0px; vertical-align: bottom; display: block; margin: 0px auto; max-width: 100%; height: auto;\"/></p><p style=\"margin-top: 0px; margin-bottom: 25px; padding: 0px; text-indent: 28px; font-size: 14px; text-align: justify; word-wrap: break-word; word-break: normal; color: rgb(43, 43, 43); font-family: simsun, arial, helvetica, clean, sans-serif; white-space: normal; background-color: rgb(255, 255, 255);\">FTC-2000G被定位于一种外贸型轻型战斗攻击机，为攻击为主，兼具战斗和教练功能。8月31日贵飞高调宣布FTC-2000G的中文名称为“神鹰”，既与该机的基准型号——教练-9“山鹰”相呼应，又被赋予“神奇之鹰”的寓意，期望能在国际市场上获得丰收。根据贵飞的计划，该机将在9月28日首飞，随后在今年11月的珠海航展上做首次国际亮相。</p><p style=\"margin-top: 0px; margin-bottom: 25px; padding: 0px; text-indent: 28px; font-size: 14px; text-align: justify; word-wrap: break-word; word-break: normal; color: rgb(43, 43, 43); font-family: simsun, arial, helvetica, clean, sans-serif; white-space: normal; background-color: rgb(255, 255, 255);\">FT-2000G被誉为地表最强魔改米格-21不是没有道理的，该机以“海山鹰”教练机为研制基础，集我国53年歼-7战斗机的生产与改进经验于一身，使该机从一种机头进气的二代早期型战斗机进化为机身两侧DSI进气口进气的准三代入门型战斗机。</p><p class=\"detailPic\" style=\"margin: 0px auto; padding: 0px; text-indent: 28px; font-size: 14px; text-align: center; word-wrap: break-word; word-break: normal; color: rgb(43, 43, 43); font-family: simsun, arial, helvetica, clean, sans-serif; white-space: normal; background-color: rgb(255, 255, 255);\"><img src=\"/ueditor/php/upload/image/20180907/1536312730235672.jpeg\" style=\"border: 0px; vertical-align: bottom; display: block; margin: 0px auto; max-width: 100%; height: auto;\"/></p><p style=\"margin-top: 0px; margin-bottom: 25px; padding: 0px; text-indent: 28px; font-size: 14px; text-align: justify; word-wrap: break-word; word-break: normal; color: rgb(43, 43, 43); font-family: simsun, arial, helvetica, clean, sans-serif; white-space: normal; background-color: rgb(255, 255, 255);\">FT-2000G的历史可以追溯到贵飞在1981年展开研制的歼教-7教练机。上世纪70年代末，我国空军鉴于歼教-5和歼教-6两种教练机在飞行速度和特性都已无法满足歼-7和歼-8的飞行员培训需求，于是决定以歼-7为基础研制新一代歼击教练机。1979年2月我国从埃及交换获得两架米格-21US双座教练机，贵飞的前身——贵州011基地参考该机开始了歼教-7的研制。当然歼教-7并不是对米格-21UC的简单仿制，仅参考该机的前后座舱和加大脊背结构对歼-7II进行的大改，因此与米格-21US存在很大不同，首先歼教-7的结构和机载设备都基于歼-7II，其次后机身下方不是单腹鳍而是大型双腹鳍，取消翼根30毫米机炮改为半埋式双管23mm机炮，机腹两块减速板改为机底一块减速板等。</p><p class=\"detailPic\" style=\"margin: 0px auto; padding: 0px; text-indent: 28px; font-size: 14px; text-align: center; word-wrap: break-word; word-break: normal; color: rgb(43, 43, 43); font-family: simsun, arial, helvetica, clean, sans-serif; white-space: normal; background-color: rgb(255, 255, 255);\"><img src=\"/ueditor/php/upload/image/20180907/1536312730129019.jpeg\" style=\"border: 0px; vertical-align: bottom; display: block; margin: 0px auto; max-width: 100%; height: auto;\"/></p><p style=\"margin-top: 0px; margin-bottom: 25px; padding: 0px; text-indent: 28px; font-size: 14px; text-align: justify; word-wrap: break-word; word-break: normal; color: rgb(43, 43, 43); font-family: simsun, arial, helvetica, clean, sans-serif; white-space: normal; background-color: rgb(255, 255, 255);\">歼教-7在1988年服役后填补了我国空军在高空高速教练机上的空白，满足了歼-7和歼-7战斗机飞行员培训的急迫需求。但该机在服役中也表现出低空机动性差、降落速度快、滑跑距离过长、后座飞行员视野差的缺点，甚至可以说不是一种合格的战斗机同型教练机，学员需要较长时间才能适应该机的特点。</p><p style=\"margin-top: 0px; margin-bottom: 25px; padding: 0px; text-indent: 28px; font-size: 14px; text-align: justify; word-wrap: break-word; word-break: normal; color: rgb(43, 43, 43); font-family: simsun, arial, helvetica, clean, sans-serif; white-space: normal; background-color: rgb(255, 255, 255);\">为了解决歼教-7存在的上述缺陷，贵飞在2002年开始研制该机的换代产品教练-9“山鹰”，外贸编号FTC-2000。教练-9在设计上仅沿用了歼教-7的后机身和尾翼，整个前机身和机翼经过彻底重新设计，全新的两侧进气布局解放了机鼻空间，可根据日后需要装备火控雷达；后座舱明显抬高形成阶梯状前后串列座椅布局，大幅改善了后座教官视野；机翼参考歼-7E的成功经验改用全新设计的双三角主翼，大幅提高了低速机动性，降低了降落速度（240公里/小时）；座舱航电也经过重大改进。该机服役后较好地承担起我国空军第三代战斗机的高级训练任务。</p><p class=\"detailPic\" style=\"margin: 0px auto; padding: 0px; text-indent: 28px; font-size: 14px; text-align: center; word-wrap: break-word; word-break: normal; color: rgb(43, 43, 43); font-family: simsun, arial, helvetica, clean, sans-serif; white-space: normal; background-color: rgb(255, 255, 255);\"><img src=\"/ueditor/php/upload/image/20180907/1536312730373699.jpeg\" style=\"border: 0px; vertical-align: bottom; display: block; margin: 0px auto; max-width: 100%; height: auto;\"/></p><p style=\"margin-top: 0px; margin-bottom: 25px; padding: 0px; text-indent: 28px; font-size: 14px; text-align: justify; word-wrap: break-word; word-break: normal; color: rgb(43, 43, 43); font-family: simsun, arial, helvetica, clean, sans-serif; white-space: normal; background-color: rgb(255, 255, 255);\">如果把教练-9“山鹰”视为贵飞第一代魔改米格-21，那么贵飞为海军航空兵研制的教练-9G“海山鹰”就是第二代魔改米格-21了。为了满足海航陆上着舰训练的要求，教练-9G进一步优化了机翼气动设计，用带边条梯形翼取代了原先的双三角翼，增加了展弦比，前缘也从固定扭转改进为机动襟翼。教练-9G后机身下方可能是出于增加尾钩的考虑取消了双腹鳍，取而代之的是增大尺寸且顶部切尖的新式垂尾，平尾面积也相应增加。此外教练-9G还采用了时髦的无附面层隔道DSI进气口，简化设计并降低了结构重量。该机通过大幅改进使降落速度进一步下降到210公里/小时，满足了陆上着舰需求，此外其最大起飞重量也从9.8吨千克提高到11吨，为FTC-2000G“神鹰”的诞生打下了基础。</p><p class=\"detailPic\" style=\"margin: 0px auto; padding: 0px; text-indent: 28px; font-size: 14px; text-align: center; word-wrap: break-word; word-break: normal; color: rgb(43, 43, 43); font-family: simsun, arial, helvetica, clean, sans-serif; white-space: normal; background-color: rgb(255, 255, 255);\"><img src=\"/ueditor/php/upload/image/20180907/1536312730267785.jpeg\" style=\"border: 0px; vertical-align: bottom; display: block; margin: 0px auto; max-width: 100%; height: auto;\"/></p><p style=\"margin-top: 0px; margin-bottom: 25px; padding: 0px; text-indent: 28px; font-size: 14px; text-align: justify; word-wrap: break-word; word-break: normal; color: rgb(43, 43, 43); font-family: simsun, arial, helvetica, clean, sans-serif; white-space: normal; background-color: rgb(255, 255, 255);\">FTC-2000G“神鹰”属于贵飞的第三代魔改米格-21，该机是以教练-9G为基础研制的外贸型多用途轻型战斗机，通过增加火控雷达和武器挂架的方式使该机具有一定的作战能力。该机全机增加了7个外挂点，最大载弹量3吨，在总装交付仪式上可以看到该机翼下挂载了PL-5E空空导弹、火箭巢、250千克航弹，机腹还挂了一个720升超音速副油箱。FTC-2000G以低成本为主打卖点，将为我国歼-7的传统客户提供一种理想后继机。</p><p style=\"margin-top: 0px; margin-bottom: 25px; padding: 0px; text-indent: 28px; font-size: 14px; text-align: justify; word-wrap: break-word; word-break: normal; color: rgb(43, 43, 43); font-family: simsun, arial, helvetica, clean, sans-serif; white-space: normal; background-color: rgb(255, 255, 255);\">在歼-7战斗机停产之后，我国陆续向国际市场推出了三种外贸战斗机，分别是FC-1“枭龙”、FC-20“猛龙”（歼-10A出口型）和FC-31“鹘鹰”，其中性价比最高的是FC-1，单价约为1500~2000万美元。但即便如此便宜的“枭龙”，对于一些小国来说也是无力承受的，因为我国之前的歼-7出口报价才700万美元。</p><p class=\"detailPic\" style=\"margin: 0px auto; padding: 0px; text-indent: 28px; font-size: 14px; text-align: center; word-wrap: break-word; word-break: normal; color: rgb(43, 43, 43); font-family: simsun, arial, helvetica, clean, sans-serif; white-space: normal; background-color: rgb(255, 255, 255);\"><img src=\"/ueditor/php/upload/image/20180907/1536312730442160.jpeg\" style=\"border: 0px; vertical-align: bottom; display: block; margin: 0px auto; max-width: 100%; height: auto;\"/></p><p style=\"margin-top: 0px; margin-bottom: 25px; padding: 0px; text-indent: 28px; font-size: 14px; text-align: justify; word-wrap: break-word; word-break: normal; color: rgb(43, 43, 43); font-family: simsun, arial, helvetica, clean, sans-serif; white-space: normal; background-color: rgb(255, 255, 255);\">FTC-2000G“神鹰”的问世就是来填补歼-7留下的价格区间的，满足一些穷国对低成本战斗机的需求，并与FC-1、FC-20和FC-31形成完成了外贸战斗机产品线，提高国产战斗机在国际市场上的竞争力。同时FTC-2000G还保留了“海山鹰”的全部教练能力，用户购买该机连配套的教练机都省了，以一种飞机同时执行对地攻击、空战、侦察、高级教练等任务，这也是国际上先进高级教练机的一个发展趋势。</p><p><br/></p>', '1536312740', '阿姆斯壮', '0', '5');
INSERT INTO `blog_article` VALUES ('7', '中国女排0-3意大利遭瑞士赛首败 段放12分无力救主', '腾讯体育_排球', '腾讯体育讯 北京时间9月6日凌晨，中国女排在瑞士女排精英赛迎战第二个对手意大利队。未派遣主力出战的中国队以0-3不敌对手，三局比分分别为20-25、13-25、13-25。主攻段放首发出战并打满全场，贡献全队最高的12分。', 'uploads/20180907173309_780.jpg', '<p style=\"text-align:center;margin-top: 0px; margin-bottom: 28px; padding: 0px; word-wrap: break-word; font-family: &quot;Microsoft Yahei&quot;, Helvetica, sans-serif; white-space: normal; background-color: rgb(255, 255, 255);\"><img src=\"http://inews.gtimg.com/newsapp_bt/0/5159681027/641\" style=\"border: 0px; vertical-align: middle; max-width: 640px; display: block;\"/></p><p style=\"margin-top: 0px; margin-bottom: 28px; padding: 0px; word-wrap: break-word; font-family: &quot;Microsoft Yahei&quot;, Helvetica, sans-serif; white-space: normal; background-color: rgb(255, 255, 255);\"><br/></p><p class=\"text\" style=\"margin-top: 0px; margin-bottom: 28px; padding: 0px; word-wrap: break-word; font-family: &quot;Microsoft Yahei&quot;, Helvetica, sans-serif; white-space: normal; background-color: rgb(255, 255, 255); text-indent: 2em;\"><br/></p><p class=\"text\" style=\"margin-top: 0px; margin-bottom: 28px; padding: 0px; word-wrap: break-word; font-family: &quot;Microsoft Yahei&quot;, Helvetica, sans-serif; white-space: normal; background-color: rgb(255, 255, 255); text-indent: 2em;\"><strong>比赛焦点</strong></p><p style=\"margin-top: 0px; margin-bottom: 28px; padding: 0px; word-wrap: break-word; font-family: &quot;Microsoft Yahei&quot;, Helvetica, sans-serif; white-space: normal; background-color: rgb(255, 255, 255);\"><br/></p><p class=\"text\" style=\"margin-top: 0px; margin-bottom: 28px; padding: 0px; word-wrap: break-word; font-family: &quot;Microsoft Yahei&quot;, Helvetica, sans-serif; white-space: normal; background-color: rgb(255, 255, 255); text-indent: 2em;\">1. 意大利女排本场比赛进行了阵容调整，球队进攻核心艾格努出任主攻，承担六轮一传任务，仍砍下18分，荣膺全场得分王。</p><p class=\"text\" style=\"margin-top: 0px; margin-bottom: 28px; padding: 0px; word-wrap: break-word; font-family: &quot;Microsoft Yahei&quot;, Helvetica, sans-serif; white-space: normal; background-color: rgb(255, 255, 255); text-indent: 2em;\">2. 中国女排在比赛中4次被二裁吹罚轮次错误，丢了4分。</p><p class=\"text\" style=\"margin-top: 0px; margin-bottom: 28px; padding: 0px; word-wrap: break-word; font-family: &quot;Microsoft Yahei&quot;, Helvetica, sans-serif; white-space: normal; background-color: rgb(255, 255, 255); text-indent: 2em;\"><br/></p><p class=\"text\" style=\"margin-top: 0px; margin-bottom: 28px; padding: 0px; word-wrap: break-word; font-family: &quot;Microsoft Yahei&quot;, Helvetica, sans-serif; white-space: normal; background-color: rgb(255, 255, 255); text-indent: 2em;\"><strong>双方首发</strong></p><p style=\"margin-top: 0px; margin-bottom: 28px; padding: 0px; word-wrap: break-word; font-family: &quot;Microsoft Yahei&quot;, Helvetica, sans-serif; white-space: normal; background-color: rgb(255, 255, 255);\"><br/></p><p class=\"text\" style=\"margin-top: 0px; margin-bottom: 28px; padding: 0px; word-wrap: break-word; font-family: &quot;Microsoft Yahei&quot;, Helvetica, sans-serif; white-space: normal; background-color: rgb(255, 255, 255); text-indent: 2em;\">本场比赛中国女排在首发阵容进行了调整，主攻位置由段放搭档刘晏含，副攻胡铭媛搭档杨涵玉，接应龚翔宇，二传刁琳宇，自由人林莉。意大利队则首发主攻艾格努、卢西亚-波塞蒂，副攻丹尼西、齐里切拉，接应奥托拉尼，二传马里诺夫，自由人德吉纳罗。</p><p class=\"text\" style=\"margin-top: 0px; margin-bottom: 28px; padding: 0px; word-wrap: break-word; font-family: &quot;Microsoft Yahei&quot;, Helvetica, sans-serif; white-space: normal; background-color: rgb(255, 255, 255); text-indent: 2em;\"><br/></p><p style=\"text-align:center;margin-top: 0px; margin-bottom: 28px; padding: 0px; word-wrap: break-word; font-family: &quot;Microsoft Yahei&quot;, Helvetica, sans-serif; white-space: normal; background-color: rgb(255, 255, 255);\"><img src=\"http://inews.gtimg.com/newsapp_bt/0/5159686492/641\" style=\"border: 0px; vertical-align: middle; max-width: 640px; display: block;\"/></p><p style=\"margin-top: 0px; margin-bottom: 28px; padding: 0px; word-wrap: break-word; font-family: &quot;Microsoft Yahei&quot;, Helvetica, sans-serif; white-space: normal; background-color: rgb(255, 255, 255);\"><br/></p><p class=\"text\" style=\"margin-top: 0px; margin-bottom: 28px; padding: 0px; word-wrap: break-word; font-family: &quot;Microsoft Yahei&quot;, Helvetica, sans-serif; white-space: normal; background-color: rgb(255, 255, 255); text-indent: 2em;\"><br/></p><p class=\"text\" style=\"margin-top: 0px; margin-bottom: 28px; padding: 0px; word-wrap: break-word; font-family: &quot;Microsoft Yahei&quot;, Helvetica, sans-serif; white-space: normal; background-color: rgb(255, 255, 255); text-indent: 2em;\"><strong>技术统计</strong></p><p style=\"margin-top: 0px; margin-bottom: 28px; padding: 0px; word-wrap: break-word; font-family: &quot;Microsoft Yahei&quot;, Helvetica, sans-serif; white-space: normal; background-color: rgb(255, 255, 255);\"><br/></p><p class=\"text\" style=\"margin-top: 0px; margin-bottom: 28px; padding: 0px; word-wrap: break-word; font-family: &quot;Microsoft Yahei&quot;, Helvetica, sans-serif; white-space: normal; background-color: rgb(255, 255, 255); text-indent: 2em;\">中国女排两人得分上双，段放26扣9中，3拦，贡献12分；刘晏含32扣9中，1发，贡献10分。此外，杨涵玉得到6分，龚翔宇贡献4分，吴晗得到2分，胡铭媛贡献1分。意大利队方面，艾格努22扣14中，3发1拦，贡献18分；波塞蒂19扣8中，1发1拦，贡献10分。此外齐里切拉贡献9分，奥托拉尼得到7分，马里诺夫贡献6分，丹尼西也有3分入账。</p><p class=\"text\" style=\"margin-top: 0px; margin-bottom: 28px; padding: 0px; word-wrap: break-word; font-family: &quot;Microsoft Yahei&quot;, Helvetica, sans-serif; white-space: normal; background-color: rgb(255, 255, 255); text-indent: 2em;\">中国女排发扣拦全面落后，进攻28-38，拦网5-10，发球2-5，此外自失也以22-11比对手多11次。</p><p class=\"text\" style=\"margin-top: 0px; margin-bottom: 28px; padding: 0px; word-wrap: break-word; font-family: &quot;Microsoft Yahei&quot;, Helvetica, sans-serif; white-space: normal; background-color: rgb(255, 255, 255); text-indent: 2em;\"><br/></p><p style=\"text-align:center;margin-top: 0px; margin-bottom: 28px; padding: 0px; word-wrap: break-word; font-family: &quot;Microsoft Yahei&quot;, Helvetica, sans-serif; white-space: normal; background-color: rgb(255, 255, 255);\"><img src=\"http://inews.gtimg.com/newsapp_bt/0/5159687509/641\" style=\"border: 0px; vertical-align: middle; max-width: 640px; display: block;\"/></p><p style=\"margin-top: 0px; margin-bottom: 28px; padding: 0px; word-wrap: break-word; font-family: &quot;Microsoft Yahei&quot;, Helvetica, sans-serif; white-space: normal; background-color: rgb(255, 255, 255);\"><br/></p><p class=\"text\" style=\"margin-top: 0px; margin-bottom: 28px; padding: 0px; word-wrap: break-word; font-family: &quot;Microsoft Yahei&quot;, Helvetica, sans-serif; white-space: normal; background-color: rgb(255, 255, 255); text-indent: 2em;\"><br/></p><p class=\"text\" style=\"margin-top: 0px; margin-bottom: 28px; padding: 0px; word-wrap: break-word; font-family: &quot;Microsoft Yahei&quot;, Helvetica, sans-serif; white-space: normal; background-color: rgb(255, 255, 255); text-indent: 2em;\"><strong>比赛回顾</strong></p><p style=\"margin-top: 0px; margin-bottom: 28px; padding: 0px; word-wrap: break-word; font-family: &quot;Microsoft Yahei&quot;, Helvetica, sans-serif; white-space: normal; background-color: rgb(255, 255, 255);\"><br/></p><p class=\"text\" style=\"margin-top: 0px; margin-bottom: 28px; padding: 0px; word-wrap: break-word; font-family: &quot;Microsoft Yahei&quot;, Helvetica, sans-serif; white-space: normal; background-color: rgb(255, 255, 255); text-indent: 2em;\">首局比赛，段放反击吊球得手，刘晏含发球得分，中国队2比0领先。艾格努一攻得手，段放拦网得分后反击打中，齐里切拉快攻出界，龚翔宇反击打中，中国队6比1领先。齐里切拉快攻渡轮，艾格努反击得分，中国队轮次错误丢分，龚翔宇进攻被拦，艾格努反击打中，意大利追成6平。段放探头得手，齐里切拉背飞打中，奥托拉尼反击得分，意大利反超比分为8比7。段放斜线命中，龚翔宇反击得手，中国队9比8，重夺领先。艾格努后攻得手，齐里切拉发球送礼，波塞蒂调攻得分，龚翔宇一传失误，胡铭媛快攻得手，波塞蒂反轮得手，杨涵玉短平打中，双方战成12平。</p><p class=\"text\" style=\"margin-top: 0px; margin-bottom: 28px; padding: 0px; word-wrap: break-word; font-family: &quot;Microsoft Yahei&quot;, Helvetica, sans-serif; white-space: normal; background-color: rgb(255, 255, 255); text-indent: 2em;\">艾格努打手出界，龚翔宇直线得分，艾格努自接自扣，齐里切拉打手出界，意大利15比13领先。段放直线得手，艾格努吊球得手后发球得分，龚翔宇强攻被拦，段放一攻失误，中国队被判触网，意大利扩大分差至6分。段放一攻渡轮，马里诺夫推后场得分，吴晗打手出界，刘晏含冲进得分，中国队追成17比21。波塞蒂一攻渡轮，吴晗还以颜色，波塞蒂吊球得手，丹尼西快攻打中，意大利24比18领先。龚翔宇交叉战术得分，刘晏含后攻打手出界，中国队挽救2局点。随着刘晏含发球出界，中国队20比25先丢一城。</p><p class=\"text\" style=\"margin-top: 0px; margin-bottom: 28px; padding: 0px; word-wrap: break-word; font-family: &quot;Microsoft Yahei&quot;, Helvetica, sans-serif; white-space: normal; background-color: rgb(255, 255, 255); text-indent: 2em;\">第二局，波塞蒂发球得分，刘晏含一攻打中，艾格努反击打中，奥托拉尼进攻失误，双方战成2平。齐里切拉吊球得手，龚翔宇强攻被拦，刁琳宇被判连击，意大利扩大分差至3分。意大利失配丢分，段放拦死齐里切拉，艾格努一攻出界，中国队追成5平。齐里切拉吊球得手，波塞蒂吊球出界，杨涵玉拦网得分，中国队反超比分为7比6。胡铭媛发球下网，刁琳宇被判违例，段放一攻被拦，艾格努反击得手，意大利反超比分为10比7。</p><p class=\"text\" style=\"margin-top: 0px; margin-bottom: 28px; padding: 0px; word-wrap: break-word; font-family: &quot;Microsoft Yahei&quot;, Helvetica, sans-serif; white-space: normal; background-color: rgb(255, 255, 255); text-indent: 2em;\">段放打手出界渡轮后进攻连丢3分，意大利扩大分差至5分。波塞蒂被判触网，反轮强攻得手，龚翔宇一攻被拦，波塞蒂反击打中，意大利16比9领先。龚翔宇交叉战术丢分，刘晏含强攻渡轮，杨涵玉发球得分，中国队追成11比17。奥托拉尼打手出界，刘晏含一攻失误后冲进打中，齐里切拉短平得手，艾格努反击打中，意大利21比12领先。刘晏含吊球被拦，刁琳宇、高意失配丢分，奥托拉尼反击得手，意大利24比12领先。刘晏含一攻渡轮，艾格努吊球得手，中国队13比25再丢一局。</p><p class=\"text\" style=\"margin-top: 0px; margin-bottom: 28px; padding: 0px; word-wrap: break-word; font-family: &quot;Microsoft Yahei&quot;, Helvetica, sans-serif; white-space: normal; background-color: rgb(255, 255, 255); text-indent: 2em;\">第三局，刘晏含打手出界，波塞蒂后攻得手，艾格努反击失误，中国队2比1领先。奥托拉尼一攻得分，刘晏含进攻失误，杨涵玉回手线得分，马里诺夫网口争球得分，龚翔宇一攻被拦，段放调整攻出界，意大利反超比分为6比3。艾格努发球得分，段放一攻渡轮后反击得分，奥托拉尼打手出界，中国队被判轮次错误，意大利扩大分差至4分。奥托拉尼进攻被拦，段放反击得手，丹尼西进攻失误，中国队追成8比9。</p><p class=\"text\" style=\"margin-top: 0px; margin-bottom: 28px; padding: 0px; word-wrap: break-word; font-family: &quot;Microsoft Yahei&quot;, Helvetica, sans-serif; white-space: normal; background-color: rgb(255, 255, 255); text-indent: 2em;\">波塞蒂一攻渡轮，马里诺夫发球下网，奥托拉尼反轮打中，艾格努打手出界，意大利12比9领先。刘晏含一攻被拦，刁琳宇、胡铭媛失配丢分，刘晏含反击被拦，孙海平触网，奥托拉尼反击得手，意大利扩大分差至8分。刘晏含打手出界，丹尼西快攻打中，奥托拉尼触网送分，刘晏含打手出界，中国队违例连丢两分，意大利20比12领先。杨涵玉快攻得手，段放被判触网，杨涵玉快攻出界，艾格努后四得分，意大利扩大分差至10分。艾格努发球得分，中国队再被判轮次失误，中国队13比25结束比赛。 （文/邓铭）</p><p><br/></p>', '1536312800', '腾讯体育', '0', '7');
INSERT INTO `blog_article` VALUES ('8', '韩国这样嘲讽中国篮球，被姚主席疯狂打脸！', '韩国_篮球_姚主席', '韩国这样嘲讽中国篮球，被姚主席疯狂打脸！最近一段时间柚子的朋友圈\r\n　　几乎都被中国男篮刷屏了\r\n　　硬刚克拉克森率领的菲律宾险胜\r\n　　和印尼比赛中激动爆粗的李指导\r\n　　赢下台北当中疯狂暴走的大魔王\r\n　　最后强势16分逆转伊朗拿下冠军\r\n　　中国男篮用成绩宣告强势回归！', 'uploads/20180907173351_404.jpeg', '<p style=\"border: 0px; margin-top: 0px; margin-bottom: 0px; padding: 26px 0px 0px; font-size: 14px; font-family: 宋体; white-space: normal; background-color: rgb(255, 255, 255);\">　　最近一段时间柚子的朋友圈</p><p style=\"border: 0px; margin-top: 0px; margin-bottom: 0px; padding: 26px 0px 0px; font-size: 14px; font-family: 宋体; white-space: normal; background-color: rgb(255, 255, 255);\">　　几乎都被中国男篮刷屏了</p><p style=\"border: 0px; margin-top: 0px; margin-bottom: 0px; padding: 26px 0px 0px; font-size: 14px; font-family: 宋体; white-space: normal; background-color: rgb(255, 255, 255);\">　　硬刚克拉克森率领的菲律宾险胜</p><p style=\"border: 0px; margin-top: 0px; margin-bottom: 0px; padding: 26px 0px 0px; font-size: 14px; font-family: 宋体; white-space: normal; background-color: rgb(255, 255, 255);\">　　和印尼比赛中激动爆粗的李指导</p><p style=\"border: 0px; margin-top: 0px; margin-bottom: 0px; padding: 26px 0px 0px; font-size: 14px; font-family: 宋体; white-space: normal; background-color: rgb(255, 255, 255);\">　　赢下台北当中疯狂暴走的大魔王</p><p style=\"border: 0px; margin-top: 0px; margin-bottom: 0px; padding: 26px 0px 0px; font-size: 14px; font-family: 宋体; white-space: normal; background-color: rgb(255, 255, 255);\">　　最后强势16分逆转伊朗拿下冠军</p><p style=\"border: 0px; margin-top: 0px; margin-bottom: 0px; padding: 26px 0px 0px; font-size: 14px; font-family: 宋体; white-space: normal; background-color: rgb(255, 255, 255);\">　　中国男篮用成绩宣告强势回归！</p><p style=\"border: 0px; margin-top: 0px; margin-bottom: 0px; padding: 26px 0px 0px; font-size: 14px; font-family: 宋体; white-space: normal; background-color: rgb(255, 255, 255);\">　　<img src=\"http://5b0988e595225.cdn.sohucs.com/images/20180906/4ffac5e3e56e49eaa6fad041fb8b3d07.jpeg\" style=\"border: 0px; margin: 0px; padding: 0px; font-size: 0px; color: transparent;\"/></p><p style=\"border: 0px; margin-top: 0px; margin-bottom: 0px; padding: 26px 0px 0px; font-size: 14px; font-family: 宋体; white-space: normal; background-color: rgb(255, 255, 255); text-align: center;\">上一次中国球迷们如此扬眉吐气</p><p style=\"border: 0px; margin-top: 0px; margin-bottom: 0px; padding: 26px 0px 0px; font-size: 14px; font-family: 宋体; white-space: normal; background-color: rgb(255, 255, 255); text-align: center;\">还要数08奥运会那支中国国家队</p><p style=\"border: 0px; margin-top: 0px; margin-bottom: 0px; padding: 26px 0px 0px; font-size: 14px; font-family: 宋体; white-space: normal; background-color: rgb(255, 255, 255); text-align: center;\"><strong style=\"border: 0px; margin: 0px; padding: 0px;\">姚明，大郅，阿联，陈江华，朱芳雨</strong></p><p style=\"border: 0px; margin-top: 0px; margin-bottom: 0px; padding: 26px 0px 0px; font-size: 14px; font-family: 宋体; white-space: normal; background-color: rgb(255, 255, 255); text-align: center;\">一个个耳熟能详的老牌国手</p><p style=\"border: 0px; margin-top: 0px; margin-bottom: 0px; padding: 26px 0px 0px; font-size: 14px; font-family: 宋体; white-space: normal; background-color: rgb(255, 255, 255); text-align: center;\">那是一支让中国篮球打向世界的队伍</p><p style=\"border: 0px; margin-top: 0px; margin-bottom: 0px; padding: 26px 0px 0px; font-size: 14px; font-family: 宋体; white-space: normal; background-color: rgb(255, 255, 255);\">　　<img src=\"http://5b0988e595225.cdn.sohucs.com/images/20180906/53dbd21891d14ff1b2d9d60b75c0f393.jpeg\" style=\"border: 0px; margin: 0px; padding: 0px; font-size: 0px; color: transparent;\"/></p><p style=\"border: 0px; margin-top: 0px; margin-bottom: 0px; padding: 26px 0px 0px; font-size: 14px; font-family: 宋体; white-space: normal; background-color: rgb(255, 255, 255);\">　　但是随着姚明等老牌球手的退役</p><p style=\"border: 0px; margin-top: 0px; margin-bottom: 0px; padding: 26px 0px 0px; font-size: 14px; font-family: 宋体; white-space: normal; background-color: rgb(255, 255, 255);\">　　中国男篮陷入了前所未有的低谷</p><p style=\"border: 0px; margin-top: 0px; margin-bottom: 0px; padding: 26px 0px 0px; font-size: 14px; font-family: 宋体; white-space: normal; background-color: rgb(255, 255, 255);\">　　<strong style=\"border: 0px; margin: 0px; padding: 0px;\">世界赛场上前八的席位不保不说</strong></p><p style=\"border: 0px; margin-top: 0px; margin-bottom: 0px; padding: 26px 0px 0px; font-size: 14px; font-family: 宋体; white-space: normal; background-color: rgb(255, 255, 255);\">　　<strong style=\"border: 0px; margin: 0px; padding: 0px;\">即便是在亚洲赛场也屡战屡败</strong></p><p style=\"border: 0px; margin-top: 0px; margin-bottom: 0px; padding: 26px 0px 0px; font-size: 14px; font-family: 宋体; white-space: normal; background-color: rgb(255, 255, 255);\">　　<strong style=\"border: 0px; margin: 0px; padding: 0px;\">伊朗、韩国甚至中国台北都成了</strong></p><p style=\"border: 0px; margin-top: 0px; margin-bottom: 0px; padding: 26px 0px 0px; font-size: 14px; font-family: 宋体; white-space: normal; background-color: rgb(255, 255, 255);\">　　<strong style=\"border: 0px; margin: 0px; padding: 0px;\">中国男篮一时难以逾越的鸿沟</strong></p><p style=\"border: 0px; margin-top: 0px; margin-bottom: 0px; padding: 26px 0px 0px; font-size: 14px; font-family: 宋体; white-space: normal; background-color: rgb(255, 255, 255);\">　　<img src=\"http://5b0988e595225.cdn.sohucs.com/images/20180906/34341ced847549329da47f665ac5b701.gif\" style=\"border: 0px; margin: 0px; padding: 0px; font-size: 0px; color: transparent;\"/></p><p style=\"border: 0px; margin-top: 0px; margin-bottom: 0px; padding: 26px 0px 0px; font-size: 14px; font-family: 宋体; white-space: normal; background-color: rgb(255, 255, 255); text-align: center;\">当时球迷们心情大概就是姚主席这样吧</p><p style=\"border: 0px; margin-top: 0px; margin-bottom: 0px; padding: 26px 0px 0px; font-size: 14px; font-family: 宋体; white-space: normal; background-color: rgb(255, 255, 255);\">　　这次亚运会的大满贯</p><p style=\"border: 0px; margin-top: 0px; margin-bottom: 0px; padding: 26px 0px 0px; font-size: 14px; font-family: 宋体; white-space: normal; background-color: rgb(255, 255, 255);\">　　不仅是男篮一支队伍的胜利</p><p style=\"border: 0px; margin-top: 0px; margin-bottom: 0px; padding: 26px 0px 0px; font-size: 14px; font-family: 宋体; white-space: normal; background-color: rgb(255, 255, 255);\">　　更是中国篮球整体水平进步的体现</p><p style=\"border: 0px; margin-top: 0px; margin-bottom: 0px; padding: 26px 0px 0px; font-size: 14px; font-family: 宋体; white-space: normal; background-color: rgb(255, 255, 255);\">　　亚运会的这次里程碑式胜利</p><p style=\"border: 0px; margin-top: 0px; margin-bottom: 0px; padding: 26px 0px 0px; font-size: 14px; font-family: 宋体; white-space: normal; background-color: rgb(255, 255, 255);\">　　让中国球迷们更加期待2019年</p><p style=\"border: 0px; margin-top: 0px; margin-bottom: 0px; padding: 26px 0px 0px; font-size: 14px; font-family: 宋体; white-space: normal; background-color: rgb(255, 255, 255);\">　　即将在家门口举行的男篮世界杯</p><p style=\"border: 0px; margin-top: 0px; margin-bottom: 0px; padding: 26px 0px 0px; font-size: 14px; font-family: 宋体; white-space: normal; background-color: rgb(255, 255, 255);\">　　那将是对中国篮球近几年发展的大考！</p><p style=\"border: 0px; margin-top: 0px; margin-bottom: 0px; padding: 26px 0px 0px; font-size: 14px; font-family: 宋体; white-space: normal; background-color: rgb(255, 255, 255);\">　　<img src=\"http://5b0988e595225.cdn.sohucs.com/images/20180906/4e49242378964f6e8dd04ebaae22ffda.gif\" style=\"border: 0px; margin: 0px; padding: 0px; font-size: 0px; color: transparent;\"/></p><p style=\"border: 0px; margin-top: 0px; margin-bottom: 0px; padding: 26px 0px 0px; font-size: 14px; font-family: 宋体; white-space: normal; background-color: rgb(255, 255, 255); text-align: center;\">对比之下现在球迷们的心情</p><p style=\"border: 0px; margin-top: 0px; margin-bottom: 0px; padding: 26px 0px 0px; font-size: 14px; font-family: 宋体; white-space: normal; background-color: rgb(255, 255, 255); text-align: center;\">美国队此前的拉斯维加斯训练营</p><p style=\"border: 0px; margin-top: 0px; margin-bottom: 0px; padding: 26px 0px 0px; font-size: 14px; font-family: 宋体; white-space: normal; background-color: rgb(255, 255, 255); text-align: center;\">就是为了能够遴选出参加世界杯的球员</p><p style=\"border: 0px; margin-top: 0px; margin-bottom: 0px; padding: 26px 0px 0px; font-size: 14px; font-family: 宋体; white-space: normal; background-color: rgb(255, 255, 255); text-align: center;\">这将是中国球迷近距离接触NBA的机会</p><p style=\"border: 0px; margin-top: 0px; margin-bottom: 0px; padding: 26px 0px 0px; font-size: 14px; font-family: 宋体; white-space: normal; background-color: rgb(255, 255, 255); text-align: center;\">其实大家和NBA也并非隔着太平洋</p><p style=\"border: 0px; margin-top: 0px; margin-bottom: 0px; padding: 26px 0px 0px; font-size: 14px; font-family: 宋体; white-space: normal; background-color: rgb(255, 255, 255); text-align: center;\"><strong style=\"border: 0px; margin: 0px; padding: 0px;\">就可以身临其境体验NBA历史冠军展！</strong></p><p style=\"border: 0px; margin-top: 0px; margin-bottom: 0px; padding: 26px 0px 0px; font-size: 14px; font-family: 宋体; white-space: normal; background-color: rgb(255, 255, 255); text-align: center;\">让陷入低潮的中国篮球事业</p><p style=\"border: 0px; margin-top: 0px; margin-bottom: 0px; padding: 26px 0px 0px; font-size: 14px; font-family: 宋体; white-space: normal; background-color: rgb(255, 255, 255); text-align: center;\">重新焕发荣光的关键人物</p><p style=\"border: 0px; margin-top: 0px; margin-bottom: 0px; padding: 26px 0px 0px; font-size: 14px; font-family: 宋体; white-space: normal; background-color: rgb(255, 255, 255); text-align: center;\">依旧是亚洲篮球第一人姚明！</p><p style=\"border: 0px; margin-top: 0px; margin-bottom: 0px; padding: 26px 0px 0px; font-size: 14px; font-family: 宋体; white-space: normal; background-color: rgb(255, 255, 255); text-align: center;\">球员时期的大姚用惊艳的表现</p><p style=\"border: 0px; margin-top: 0px; margin-bottom: 0px; padding: 26px 0px 0px; font-size: 14px; font-family: 宋体; white-space: normal; background-color: rgb(255, 255, 255); text-align: center;\">让全世界认识了中国篮球</p><p style=\"border: 0px; margin-top: 0px; margin-bottom: 0px; padding: 26px 0px 0px; font-size: 14px; font-family: 宋体; white-space: normal; background-color: rgb(255, 255, 255); text-align: center;\"><strong style=\"border: 0px; margin: 0px; padding: 0px;\">无论是他在NBA时期取得的成就</strong></p><p style=\"border: 0px; margin-top: 0px; margin-bottom: 0px; padding: 26px 0px 0px; font-size: 14px; font-family: 宋体; white-space: normal; background-color: rgb(255, 255, 255); text-align: center;\"><strong style=\"border: 0px; margin: 0px; padding: 0px;\">还是代表中国国家队征战世界赛场</strong></p><p style=\"border: 0px; margin-top: 0px; margin-bottom: 0px; padding: 26px 0px 0px; font-size: 14px; font-family: 宋体; white-space: normal; background-color: rgb(255, 255, 255); text-align: center;\"><strong style=\"border: 0px; margin: 0px; padding: 0px;\">球员姚明都是中国篮球的一张名片</strong></p><p style=\"border: 0px; margin-top: 0px; margin-bottom: 0px; padding: 26px 0px 0px; font-size: 14px; font-family: 宋体; white-space: normal; background-color: rgb(255, 255, 255);\">　　<img src=\"http://5b0988e595225.cdn.sohucs.com/images/20180906/3c67c90637f34d648935db87aaa8adff.jpeg\" style=\"border: 0px; margin: 0px; padding: 0px; font-size: 0px; color: transparent;\"/></p><p style=\"border: 0px; margin-top: 0px; margin-bottom: 0px; padding: 26px 0px 0px; font-size: 14px; font-family: 宋体; white-space: normal; background-color: rgb(255, 255, 255); text-align: center;\">大姚年轻的容颜也是很能打！</p><p style=\"border: 0px; margin-top: 0px; margin-bottom: 0px; padding: 26px 0px 0px; font-size: 14px; font-family: 宋体; white-space: normal; background-color: rgb(255, 255, 255); text-align: center;\">可更让柚子感动至深的</p><p style=\"border: 0px; margin-top: 0px; margin-bottom: 0px; padding: 26px 0px 0px; font-size: 14px; font-family: 宋体; white-space: normal; background-color: rgb(255, 255, 255); text-align: center;\">是那个身为中国篮协主席的姚明</p><p style=\"border: 0px; margin-top: 0px; margin-bottom: 0px; padding: 26px 0px 0px; font-size: 14px; font-family: 宋体; white-space: normal; background-color: rgb(255, 255, 255); text-align: center;\">他这是真正意义上的“受命于危难之际”</p><p style=\"border: 0px; margin-top: 0px; margin-bottom: 0px; padding: 26px 0px 0px; font-size: 14px; font-family: 宋体; white-space: normal; background-color: rgb(255, 255, 255); text-align: center;\">姚明走马上位之后立刻对CBA联赛</p><p style=\"border: 0px; margin-top: 0px; margin-bottom: 0px; padding: 26px 0px 0px; font-size: 14px; font-family: 宋体; white-space: normal; background-color: rgb(255, 255, 255); text-align: center;\">进行了大刀阔斧的改革整顿混乱</p><p style=\"border: 0px; margin-top: 0px; margin-bottom: 0px; padding: 26px 0px 0px; font-size: 14px; font-family: 宋体; white-space: normal; background-color: rgb(255, 255, 255); text-align: center;\"><strong style=\"border: 0px; margin: 0px; padding: 0px;\">对于中国男篮国家队他也付出心血</strong></p><p style=\"border: 0px; margin-top: 0px; margin-bottom: 0px; padding: 26px 0px 0px; font-size: 14px; font-family: 宋体; white-space: normal; background-color: rgb(255, 255, 255); text-align: center;\"><strong style=\"border: 0px; margin: 0px; padding: 0px;\">创新性的“红蓝分队”就是他的想法</strong></p><p style=\"border: 0px; margin-top: 0px; margin-bottom: 0px; padding: 26px 0px 0px; font-size: 14px; font-family: 宋体; white-space: normal; background-color: rgb(255, 255, 255); text-align: center;\"><strong style=\"border: 0px; margin: 0px; padding: 0px;\">让更多年轻血液能够进入国家队历练</strong></p><p style=\"border: 0px; margin-top: 0px; margin-bottom: 0px; padding: 26px 0px 0px; font-size: 14px; font-family: 宋体; white-space: normal; background-color: rgb(255, 255, 255); text-align: center;\"><strong style=\"border: 0px; margin: 0px; padding: 0px;\">为此他顶住了巨大的压力和各方质疑</strong></p><p style=\"border: 0px; margin-top: 0px; margin-bottom: 0px; padding: 26px 0px 0px; font-size: 14px; font-family: 宋体; white-space: normal; background-color: rgb(255, 255, 255);\">　　<img src=\"http://5b0988e595225.cdn.sohucs.com/images/20180906/9ce2ec56065349179a74d8550dc27877.gif\" style=\"border: 0px; margin: 0px; padding: 0px; font-size: 0px; color: transparent;\"/></p><p style=\"border: 0px; margin-top: 0px; margin-bottom: 0px; padding: 26px 0px 0px; font-size: 14px; font-family: 宋体; white-space: normal; background-color: rgb(255, 255, 255); text-align: center;\">中国队的比赛他永远亲临一线默默支持</p><p style=\"border: 0px; margin-top: 0px; margin-bottom: 0px; padding: 26px 0px 0px; font-size: 14px; font-family: 宋体; white-space: normal; background-color: rgb(255, 255, 255);\">　　<img src=\"http://5b0988e595225.cdn.sohucs.com/images/20180906/642c5974bb51433787d7d1d34184b3bd.gif\" style=\"border: 0px; margin: 0px; padding: 0px; font-size: 0px; color: transparent;\"/></p><p style=\"border: 0px; margin-top: 0px; margin-bottom: 0px; padding: 26px 0px 0px; font-size: 14px; font-family: 宋体; white-space: normal; background-color: rgb(255, 255, 255); text-align: center;\">耐心向年轻球员传授经验和技巧</p><p style=\"border: 0px; margin-top: 0px; margin-bottom: 0px; padding: 26px 0px 0px; font-size: 14px; font-family: 宋体; white-space: normal; background-color: rgb(255, 255, 255);\">　　<img src=\"http://5b0988e595225.cdn.sohucs.com/images/20180906/b447e7f8ebbe4d70887004c11450597b.gif\" style=\"border: 0px; margin: 0px; padding: 0px; font-size: 0px; color: transparent;\"/></p><p style=\"border: 0px; margin-top: 0px; margin-bottom: 0px; padding: 26px 0px 0px; font-size: 14px; font-family: 宋体; white-space: normal; background-color: rgb(255, 255, 255); text-align: center;\">获胜之后兴奋的席地而坐大方合影</p><p style=\"border: 0px; margin-top: 0px; margin-bottom: 0px; padding: 26px 0px 0px; font-size: 14px; font-family: 宋体; white-space: normal; background-color: rgb(255, 255, 255); text-align: center;\">他是中国最懂球的主席</p><p style=\"border: 0px; margin-top: 0px; margin-bottom: 0px; padding: 26px 0px 0px; font-size: 14px; font-family: 宋体; white-space: normal; background-color: rgb(255, 255, 255); text-align: center;\">最专业的篮球眼光和执行力</p><p style=\"border: 0px; margin-top: 0px; margin-bottom: 0px; padding: 26px 0px 0px; font-size: 14px; font-family: 宋体; white-space: normal; background-color: rgb(255, 255, 255); text-align: center;\">不被金钱和名利撼动的坚持</p><p style=\"border: 0px; margin-top: 0px; margin-bottom: 0px; padding: 26px 0px 0px; font-size: 14px; font-family: 宋体; white-space: normal; background-color: rgb(255, 255, 255); text-align: center;\">也不求政绩也不急于求成</p><p style=\"border: 0px; margin-top: 0px; margin-bottom: 0px; padding: 26px 0px 0px; font-size: 14px; font-family: 宋体; white-space: normal; background-color: rgb(255, 255, 255); text-align: center;\">为中国篮球的未来打下扎实基础</p><p style=\"border: 0px; margin-top: 0px; margin-bottom: 0px; padding: 26px 0px 0px; font-size: 14px; font-family: 宋体; white-space: normal; background-color: rgb(255, 255, 255);\">　　<img src=\"http://5b0988e595225.cdn.sohucs.com/images/20180906/917d739b764c4a8f84dd099711c2c9ce.jpeg\" style=\"border: 0px; margin: 0px; padding: 0px; font-size: 0px; color: transparent;\"/></p><p style=\"border: 0px; margin-top: 0px; margin-bottom: 0px; padding: 26px 0px 0px; font-size: 14px; font-family: 宋体; white-space: normal; background-color: rgb(255, 255, 255);\">　　<span style=\"border: 0px; margin: 0px; padding: 0px;\">前段时间林书豪“加入中国男篮”的流言</span></p><p style=\"border: 0px; margin-top: 0px; margin-bottom: 0px; padding: 26px 0px 0px; font-size: 14px; font-family: 宋体; white-space: normal; background-color: rgb(255, 255, 255);\">　　姚主席是这样考虑的：</p><p style=\"border: 0px; margin-top: 0px; margin-bottom: 0px; padding: 26px 0px 0px; font-size: 14px; font-family: 宋体; white-space: normal; background-color: rgb(255, 255, 255);\">　　<span style=\"border: 0px; margin: 0px; padding: 0px;\"><strong style=\"border: 0px; margin: 0px; padding: 0px;\">“中国男篮的选手们大多是功能性球员，</strong></span></p><p style=\"border: 0px; margin-top: 0px; margin-bottom: 0px; padding: 26px 0px 0px; font-size: 14px; font-family: 宋体; white-space: normal; background-color: rgb(255, 255, 255);\">　　<span style=\"border: 0px; margin: 0px; padding: 0px;\"><strong style=\"border: 0px; margin: 0px; padding: 0px;\">我们的确需要一个巨星，</strong></span></p><p style=\"border: 0px; margin-top: 0px; margin-bottom: 0px; padding: 26px 0px 0px; font-size: 14px; font-family: 宋体; white-space: normal; background-color: rgb(255, 255, 255);\">　　<span style=\"border: 0px; margin: 0px; padding: 0px;\"><strong style=\"border: 0px; margin: 0px; padding: 0px;\">在关键的时刻进行关键的终结。</strong></span></p><p style=\"border: 0px; margin-top: 0px; margin-bottom: 0px; padding: 26px 0px 0px; font-size: 14px; font-family: 宋体; white-space: normal; background-color: rgb(255, 255, 255);\">　　<span style=\"border: 0px; margin: 0px; padding: 0px;\"><strong style=\"border: 0px; margin: 0px; padding: 0px;\">正因为如此所以才更应该，</strong></span></p><p style=\"border: 0px; margin-top: 0px; margin-bottom: 0px; padding: 26px 0px 0px; font-size: 14px; font-family: 宋体; white-space: normal; background-color: rgb(255, 255, 255);\">　　<span style=\"border: 0px; margin: 0px; padding: 0px;\"><strong style=\"border: 0px; margin: 0px; padding: 0px;\">给国内的年轻人更多锻炼的机会，</strong></span></p><p style=\"border: 0px; margin-top: 0px; margin-bottom: 0px; padding: 26px 0px 0px; font-size: 14px; font-family: 宋体; white-space: normal; background-color: rgb(255, 255, 255);\">　　<span style=\"border: 0px; margin: 0px; padding: 0px;\"><strong style=\"border: 0px; margin: 0px; padding: 0px;\">去发现他们的天赋……”</strong></span></p><p style=\"border: 0px; margin-top: 0px; margin-bottom: 0px; padding: 26px 0px 0px; font-size: 14px; font-family: 宋体; white-space: normal; background-color: rgb(255, 255, 255);\">　　<img src=\"http://5b0988e595225.cdn.sohucs.com/images/20180906/1b380edbee7b41ee881bcd6d4eea9e12.jpeg\" style=\"border: 0px; margin: 0px; padding: 0px; font-size: 0px; color: transparent;\"/></p><p style=\"border: 0px; margin-top: 0px; margin-bottom: 0px; padding: 26px 0px 0px; font-size: 14px; font-family: 宋体; white-space: normal; background-color: rgb(255, 255, 255);\">　　韩国在3V3男篮和5V5女篮</p><p style=\"border: 0px; margin-top: 0px; margin-bottom: 0px; padding: 26px 0px 0px; font-size: 14px; font-family: 宋体; white-space: normal; background-color: rgb(255, 255, 255);\">　　被中国队双双击败后</p><p style=\"border: 0px; margin-top: 0px; margin-bottom: 0px; padding: 26px 0px 0px; font-size: 14px; font-family: 宋体; white-space: normal; background-color: rgb(255, 255, 255);\">　　<strong style=\"border: 0px; margin: 0px; padding: 0px;\">韩国篮协主席方烈主动找姚明握手</strong></p><p style=\"border: 0px; margin-top: 0px; margin-bottom: 0px; padding: 26px 0px 0px; font-size: 14px; font-family: 宋体; white-space: normal; background-color: rgb(255, 255, 255);\">　　<strong style=\"border: 0px; margin: 0px; padding: 0px;\">而且说了句：“你们运气真好。”</strong></p><p style=\"border: 0px; margin-top: 0px; margin-bottom: 0px; padding: 26px 0px 0px; font-size: 14px; font-family: 宋体; white-space: normal; background-color: rgb(255, 255, 255);\">　　<span style=\"border: 0px; margin: 0px; padding: 0px;\"><strong style=\"border: 0px; margin: 0px; padding: 0px;\">姚明有礼貌地伸出了手说：</strong></span></p><p style=\"border: 0px; margin-top: 0px; margin-bottom: 0px; padding: 26px 0px 0px; font-size: 14px; font-family: 宋体; white-space: normal; background-color: rgb(255, 255, 255);\">　　<span style=\"border: 0px; margin: 0px; padding: 0px;\"><strong style=\"border: 0px; margin: 0px; padding: 0px;\">“谢谢方教授，</strong></span></p><p style=\"border: 0px; margin-top: 0px; margin-bottom: 0px; padding: 26px 0px 0px; font-size: 14px; font-family: 宋体; white-space: normal; background-color: rgb(255, 255, 255);\">　　<span style=\"border: 0px; margin: 0px; padding: 0px;\"><strong style=\"border: 0px; margin: 0px; padding: 0px;\">运气一般留给做好准备的人。”</strong></span></p><p style=\"border: 0px; margin-top: 0px; margin-bottom: 0px; padding: 26px 0px 0px; font-size: 14px; font-family: 宋体; white-space: normal; background-color: rgb(255, 255, 255);\">　　<img src=\"http://5b0988e595225.cdn.sohucs.com/images/20180906/e66a04f789ab4aae9c4ffafffbeb90e3.jpeg\" style=\"border: 0px; margin: 0px; padding: 0px; font-size: 0px; color: transparent;\"/></p><p style=\"border: 0px; margin-top: 0px; margin-bottom: 0px; padding: 26px 0px 0px; font-size: 14px; font-family: 宋体; white-space: normal; background-color: rgb(255, 255, 255); text-align: center;\">这样高情商的姚主席让人欣喜</p><p style=\"border: 0px; margin-top: 0px; margin-bottom: 0px; padding: 26px 0px 0px; font-size: 14px; font-family: 宋体; white-space: normal; background-color: rgb(255, 255, 255);\">　　<img src=\"http://5b0988e595225.cdn.sohucs.com/images/20180906/57ef1bfd2a064c7abb571efea58a8735.jpeg\" style=\"border: 0px; margin: 0px; padding: 0px; font-size: 0px; color: transparent;\"/></p><p style=\"border: 0px; margin-top: 0px; margin-bottom: 0px; padding: 26px 0px 0px; font-size: 14px; font-family: 宋体; white-space: normal; background-color: rgb(255, 255, 255); text-align: center;\">这样为中国篮球操心的姚主席也让人心疼</p><p style=\"border: 0px; margin-top: 0px; margin-bottom: 0px; padding: 26px 0px 0px; font-size: 14px; font-family: 宋体; white-space: normal; background-color: rgb(255, 255, 255);\">　　一场亚运会带来的是球迷们的狂欢</p><p style=\"border: 0px; margin-top: 0px; margin-bottom: 0px; padding: 26px 0px 0px; font-size: 14px; font-family: 宋体; white-space: normal; background-color: rgb(255, 255, 255);\">　　对柚子来说更包含对姚明的敬意</p><p style=\"border: 0px; margin-top: 0px; margin-bottom: 0px; padding: 26px 0px 0px; font-size: 14px; font-family: 宋体; white-space: normal; background-color: rgb(255, 255, 255);\">　　“如果有了成绩，我愿意退后一点；</p><p style=\"border: 0px; margin-top: 0px; margin-bottom: 0px; padding: 26px 0px 0px; font-size: 14px; font-family: 宋体; white-space: normal; background-color: rgb(255, 255, 255);\">　　出了问题，当然我来面对。”</p><p style=\"border: 0px; margin-top: 0px; margin-bottom: 0px; padding: 26px 0px 0px; font-size: 14px; font-family: 宋体; white-space: normal; background-color: rgb(255, 255, 255);\">　　这份“成人达己”几乎让柚子泪目</p><p style=\"border: 0px; margin-top: 0px; margin-bottom: 0px; padding: 26px 0px 0px; font-size: 14px; font-family: 宋体; white-space: normal; background-color: rgb(255, 255, 255);\">　　<strong style=\"border: 0px; margin: 0px; padding: 0px;\">可惜姚明的职业生涯因伤退役的太早</strong></p><p style=\"border: 0px; margin-top: 0px; margin-bottom: 0px; padding: 26px 0px 0px; font-size: 14px; font-family: 宋体; white-space: normal; background-color: rgb(255, 255, 255);\">　　<strong style=\"border: 0px; margin: 0px; padding: 0px;\">许多年轻球迷了解如今的主席姚明</strong></p><p style=\"border: 0px; margin-top: 0px; margin-bottom: 0px; padding: 26px 0px 0px; font-size: 14px; font-family: 宋体; white-space: normal; background-color: rgb(255, 255, 255);\">　　<strong style=\"border: 0px; margin: 0px; padding: 0px;\">却没有见识过NBA全明星姚明的风采</strong></p><p style=\"border: 0px; margin-top: 0px; margin-bottom: 0px; padding: 26px 0px 0px; font-size: 14px; font-family: 宋体; white-space: normal; background-color: rgb(255, 255, 255);\">　　<strong style=\"border: 0px; margin: 0px; padding: 0px;\">这不得不说是一个莫大的遗憾</strong></p><p style=\"border: 0px; margin-top: 0px; margin-bottom: 0px; padding: 26px 0px 0px; font-size: 14px; font-family: 宋体; white-space: normal; background-color: rgb(255, 255, 255);\">　　<img src=\"http://5b0988e595225.cdn.sohucs.com/images/20180906/911fef816031420794184a03b537b6dc.jpeg\" style=\"border: 0px; margin: 0px; padding: 0px; font-size: 0px; color: transparent;\"/></p><p style=\"border: 0px; margin-top: 0px; margin-bottom: 0px; padding: 26px 0px 0px; font-size: 14px; font-family: 宋体; white-space: normal; background-color: rgb(255, 255, 255); text-align: center;\">如今我们有机会近距离</p><p style=\"border: 0px; margin-top: 0px; margin-bottom: 0px; padding: 26px 0px 0px; font-size: 14px; font-family: 宋体; white-space: normal; background-color: rgb(255, 255, 255); text-align: center;\">去重温和回味男篮当年带来的震撼</p><p style=\"border: 0px; margin-top: 0px; margin-bottom: 0px; padding: 26px 0px 0px; font-size: 14px; font-family: 宋体; white-space: normal; background-color: rgb(255, 255, 255); text-align: center;\">其中就包括了姚明、大郅、阿联</p><p style=\"border: 0px; margin-top: 0px; margin-bottom: 0px; padding: 26px 0px 0px; font-size: 14px; font-family: 宋体; white-space: normal; background-color: rgb(255, 255, 255); text-align: center;\">一众中国篮球历史上的名宿老将</p><p style=\"border: 0px; margin-top: 0px; margin-bottom: 0px; padding: 26px 0px 0px; font-size: 14px; font-family: 宋体; white-space: normal; background-color: rgb(255, 255, 255); text-align: center;\"><strong style=\"border: 0px; margin: 0px; padding: 0px;\">对于一个忠实的篮球迷来说</strong></p><p style=\"border: 0px; margin-top: 0px; margin-bottom: 0px; padding: 26px 0px 0px; font-size: 14px; font-family: 宋体; white-space: normal; background-color: rgb(255, 255, 255); text-align: center;\"><strong style=\"border: 0px; margin: 0px; padding: 0px;\">还有其他众多NBA名宿包罗其中</strong></p><p style=\"border: 0px; margin-top: 0px; margin-bottom: 0px; padding: 26px 0px 0px; font-size: 14px; font-family: 宋体; white-space: normal; background-color: rgb(255, 255, 255); text-align: center;\"><strong style=\"border: 0px; margin: 0px; padding: 0px;\">无论是冠军还是球队，球星或是装备，</strong></p><p style=\"border: 0px; margin-top: 0px; margin-bottom: 0px; padding: 26px 0px 0px; font-size: 14px; font-family: 宋体; white-space: normal; background-color: rgb(255, 255, 255); text-align: center;\"><strong style=\"border: 0px; margin: 0px; padding: 0px;\">满足你对所有NBA元素的向往！</strong></p><p><strong style=\"border: 0px; margin: 0px; padding: 0px;\"><br/></strong></p><p><br/></p>', '1536312866', '柚子篮球', '0', '2');
INSERT INTO `blog_article` VALUES ('9', '感谢登哥！等了好久的火箭“安灯泡”终于安排上了', '搜狐体育_火箭_登哥', '感谢登哥！等了好久的火箭“安灯泡”终于安排上了;去年夏天，登哥也征召了队友到巴哈马进行团建，球队演变出“巴哈马五小”阵容，成了差点掀翻勇士的巨浪。', 'uploads/20180907173459_462.jpeg', '<p class=\"ql-align-justify\" style=\"border: 0px; margin-top: 0px; margin-bottom: 0px; padding: 26px 0px 0px; font-size: 14px; font-family: 宋体; white-space: normal; background-color: rgb(255, 255, 255);\">随着新赛季越来越近，火箭部分球员在哈登的召集下在巴哈马进行合练。据老干部登哥透露，此次训练为期一周，目的是培养球员间的默契。</p><p style=\"border: 0px; margin-top: 0px; margin-bottom: 0px; padding: 26px 0px 0px; font-size: 14px; font-family: 宋体; white-space: normal; background-color: rgb(255, 255, 255);\">　　<img src=\"http://5b0988e595225.cdn.sohucs.com/images/20180906/55f8238ed2834d6d8e24cb49dee63d10.jpeg\" max-width=\"600\" style=\"border: 0px; margin: 0px; padding: 0px; font-size: 0px; color: transparent;\"/></p><p class=\"ql-align-justify\" style=\"border: 0px; margin-top: 0px; margin-bottom: 0px; padding: 26px 0px 0px; font-size: 14px; font-family: 宋体; white-space: normal; background-color: rgb(255, 255, 255);\">去年夏天，登哥也征召了队友到巴哈马进行团建，球队演变出“巴哈马五小”阵容，成了差点掀翻勇士的巨浪。</p><p class=\"ql-align-justify\" style=\"border: 0px; margin-top: 0px; margin-bottom: 0px; padding: 26px 0px 0px; font-size: 14px; font-family: 宋体; white-space: normal; background-color: rgb(255, 255, 255);\">上赛季火箭展现出极强的凝聚力和争胜心，登哥和塔克等人都认为巴哈马之旅，对更衣室起到了至关重要的作用。</p><p style=\"border: 0px; margin-top: 0px; margin-bottom: 0px; padding: 26px 0px 0px; font-size: 14px; font-family: 宋体; white-space: normal; background-color: rgb(255, 255, 255);\">　　<img src=\"http://5b0988e595225.cdn.sohucs.com/images/20180906/69a512bab08d4eedbf7ed946649cdac0.jpeg\" max-width=\"600\" style=\"border: 0px; margin: 0px; padding: 0px; font-size: 0px; color: transparent;\"/></p><p class=\"ql-align-justify\" style=\"border: 0px; margin-top: 0px; margin-bottom: 0px; padding: 26px 0px 0px; font-size: 14px; font-family: 宋体; white-space: normal; background-color: rgb(255, 255, 255);\">此次集训，是火箭安灯泡首次合体。虽然三人之前都有过一同训练的经验，不过作为火箭球员，却是首次。</p><p style=\"border: 0px; margin-top: 0px; margin-bottom: 0px; padding: 26px 0px 0px; font-size: 14px; font-family: 宋体; white-space: normal; background-color: rgb(255, 255, 255);\">　　<img src=\"http://5b0988e595225.cdn.sohucs.com/images/20180906/ec80e4de95bf409e8a70b7734efee0da.jpeg\" max-width=\"600\" style=\"border: 0px; margin: 0px; padding: 0px; font-size: 0px; color: transparent;\"/></p><p class=\"ql-align-justify\" style=\"border: 0px; margin-top: 0px; margin-bottom: 0px; padding: 26px 0px 0px; font-size: 14px; font-family: 宋体; white-space: normal; background-color: rgb(255, 255, 255);\">安东尼加盟火箭后，并没有传出太多与球队有关的消息，球迷对此也是有了诸多猜测。</p><p class=\"ql-align-justify\" style=\"border: 0px; margin-top: 0px; margin-bottom: 0px; padding: 26px 0px 0px; font-size: 14px; font-family: 宋体; white-space: normal; background-color: rgb(255, 255, 255);\">事实上，这个夏天安东尼不是在训练就是在推广篮球运动。刚结束卡塔尔之旅后，瓜哥就马不停蹄回到美国，并第一时间赶往巴哈马参加球队团建。</p><p class=\"ql-align-justify\" style=\"border: 0px; margin-top: 0px; margin-bottom: 0px; padding: 26px 0px 0px; font-size: 14px; font-family: 宋体; white-space: normal; background-color: rgb(255, 255, 255);\">瓜哥与炮爷是好哥们，与登哥的关系也很不错，球员私下都有保持交流，安灯泡之间的默契不用担心。</p><p style=\"border: 0px; margin-top: 0px; margin-bottom: 0px; padding: 26px 0px 0px; font-size: 14px; font-family: 宋体; white-space: normal; background-color: rgb(255, 255, 255);\">　　<img src=\"http://5b0988e595225.cdn.sohucs.com/images/20180906/2aa0da58559c44c1b31a0c23f344b294.jpeg\" max-width=\"600\" style=\"border: 0px; margin: 0px; padding: 0px; font-size: 0px; color: transparent;\"/></p><p class=\"ql-align-justify\" style=\"border: 0px; margin-top: 0px; margin-bottom: 0px; padding: 26px 0px 0px; font-size: 14px; font-family: 宋体; white-space: normal; background-color: rgb(255, 255, 255);\">今天，安东尼妻子做客ESPN著名节目First Take，她表示安东尼在火箭应该出任首发。</p><p class=\"ql-align-justify\" style=\"border: 0px; margin-top: 0px; margin-bottom: 0px; padding: 26px 0px 0px; font-size: 14px; font-family: 宋体; white-space: normal; background-color: rgb(255, 255, 255);\">“我认为安东尼任何时候都不应该打替补，新赛季在火箭也不应该打替补。因为我觉得人们已经忘了安东尼是什么级别的球员了，威少和乔治都像家人一样，但是雷霆不是适合安东尼的地方。”瓜哥妻子拉拉说道。</p><p style=\"border: 0px; margin-top: 0px; margin-bottom: 0px; padding: 26px 0px 0px; font-size: 14px; font-family: 宋体; white-space: normal; background-color: rgb(255, 255, 255);\">　　<img src=\"http://5b0988e595225.cdn.sohucs.com/images/20180906/37cfee2e1d754c8e99e3d866096d3459.jpeg\" max-width=\"600\" style=\"border: 0px; margin: 0px; padding: 0px; font-size: 0px; color: transparent;\"/></p><p class=\"ql-align-justify\" style=\"border: 0px; margin-top: 0px; margin-bottom: 0px; padding: 26px 0px 0px; font-size: 14px; font-family: 宋体; white-space: normal; background-color: rgb(255, 255, 255);\">尽管瓜哥已经与火箭达成了共识，不过在新赛季前期，相信德帅还是会先安排安东尼出任首发。因此，新赛季火箭的首发五虎很可能是“塔皇安灯泡”。</p><p style=\"border: 0px; margin-top: 0px; margin-bottom: 0px; padding: 26px 0px 0px; font-size: 14px; font-family: 宋体; white-space: normal; background-color: rgb(255, 255, 255);\">　　<img src=\"http://5b0988e595225.cdn.sohucs.com/images/20180906/fffddcd22a014aababb6969968def5d3.jpeg\" max-width=\"600\" style=\"border: 0px; margin: 0px; padding: 0px; font-size: 0px; color: transparent;\"/></p><p class=\"ql-align-justify\" style=\"border: 0px; margin-top: 0px; margin-bottom: 0px; padding: 26px 0px 0px; font-size: 14px; font-family: 宋体; white-space: normal; background-color: rgb(255, 255, 255);\">最近2K公布的火箭首发阵容的能力值，瓜哥能力值只有79，塔克是76，两人被视为火箭首发的两大薄弱点。</p><p style=\"border: 0px; margin-top: 0px; margin-bottom: 0px; padding: 26px 0px 0px; font-size: 14px; font-family: 宋体; white-space: normal; background-color: rgb(255, 255, 255);\">　　<img src=\"http://5b0988e595225.cdn.sohucs.com/images/20180906/9b106c91d0ba40f9af6de54623048558.jpeg\" max-width=\"600\" style=\"border: 0px; margin: 0px; padding: 0px; font-size: 0px; color: transparent;\"/></p><p class=\"ql-align-justify\" style=\"border: 0px; margin-top: 0px; margin-bottom: 0px; padding: 26px 0px 0px; font-size: 14px; font-family: 宋体; white-space: normal; background-color: rgb(255, 255, 255);\">鞋王塔克是不能用数据衡量的球员，尤其是他在场上那股永不服输的拼劲，是球队的巨大财富。</p><p class=\"ql-align-justify\" style=\"border: 0px; margin-top: 0px; margin-bottom: 0px; padding: 26px 0px 0px; font-size: 14px; font-family: 宋体; white-space: normal; background-color: rgb(255, 255, 255);\">上赛季季后赛，当塔克在场上时，火箭的进攻效率为114，对方进攻效率为106.3；而当塔克离场后，球队的进攻效率会暴跌至102，而对方进攻效率则窜升到113.3。</p><p style=\"border: 0px; margin-top: 0px; margin-bottom: 0px; padding: 26px 0px 0px; font-size: 14px; font-family: 宋体; white-space: normal; background-color: rgb(255, 255, 255);\">　　<img src=\"http://5b0988e595225.cdn.sohucs.com/images/20180906/187abd2ca2b643368012890e4864a3f8.jpeg\" max-width=\"600\" style=\"border: 0px; margin: 0px; padding: 0px; font-size: 0px; color: transparent;\"/></p><p class=\"ql-align-justify\" style=\"border: 0px; margin-top: 0px; margin-bottom: 0px; padding: 26px 0px 0px; font-size: 14px; font-family: 宋体; white-space: normal; background-color: rgb(255, 255, 255);\">瓜哥就更不用说了，进攻万花筒，领袖级别的球员，新赛季与灯泡联手，相信会打了很多专家的脸。</p><p style=\"border: 0px; margin-top: 0px; margin-bottom: 0px; padding: 26px 0px 0px; font-size: 14px; font-family: 宋体; white-space: normal; background-color: rgb(255, 255, 255);\">　　<img src=\"http://5b0988e595225.cdn.sohucs.com/images/20180906/4db29d132c2942ae91d745b7f944bf88.jpeg\" max-width=\"600\" style=\"border: 0px; margin: 0px; padding: 0px; font-size: 0px; color: transparent;\"/></p><p class=\"ql-align-justify\" style=\"border: 0px; margin-top: 0px; margin-bottom: 0px; padding: 26px 0px 0px; font-size: 14px; font-family: 宋体; white-space: normal; background-color: rgb(255, 255, 255);\">在训练中，球员们显得非常放松，毕竟此次目的还是以度假为主。</p><p class=\"ql-align-justify\" style=\"border: 0px; margin-top: 0px; margin-bottom: 0px; padding: 26px 0px 0px; font-size: 14px; font-family: 宋体; white-space: normal; background-color: rgb(255, 255, 255);\">保罗秀暴扣；</p><p style=\"border: 0px; margin-top: 0px; margin-bottom: 0px; padding: 26px 0px 0px; font-size: 14px; font-family: 宋体; white-space: normal; background-color: rgb(255, 255, 255);\">　　<img src=\"http://5b0988e595225.cdn.sohucs.com/images/20180906/1c393b9e43a249939490a88441feb169.gif\" max-width=\"600\" style=\"border: 0px; margin: 0px; padding: 0px; font-size: 0px; color: transparent;\"/></p><p class=\"ql-align-justify\" style=\"border: 0px; margin-top: 0px; margin-bottom: 0px; padding: 26px 0px 0px; font-size: 14px; font-family: 宋体; white-space: normal; background-color: rgb(255, 255, 255);\">灯塔连线；</p><p style=\"border: 0px; margin-top: 0px; margin-bottom: 0px; padding: 26px 0px 0px; font-size: 14px; font-family: 宋体; white-space: normal; background-color: rgb(255, 255, 255);\">　　<img src=\"http://5b0988e595225.cdn.sohucs.com/images/20180906/10881fa4658e4f5696dc6e769711a47c.gif\" max-width=\"600\" style=\"border: 0px; margin: 0px; padding: 0px; font-size: 0px; color: transparent;\"/></p><p class=\"ql-align-justify\" style=\"border: 0px; margin-top: 0px; margin-bottom: 0px; padding: 26px 0px 0px; font-size: 14px; font-family: 宋体; white-space: normal; background-color: rgb(255, 255, 255);\">瓜哥苦练三分；</p><p style=\"border: 0px; margin-top: 0px; margin-bottom: 0px; padding: 26px 0px 0px; font-size: 14px; font-family: 宋体; white-space: normal; background-color: rgb(255, 255, 255);\">　　<img src=\"http://5b0988e595225.cdn.sohucs.com/images/20180906/a1323c448f0c40349910747ecb90682e.gif\" max-width=\"600\" style=\"border: 0px; margin: 0px; padding: 0px; font-size: 0px; color: transparent;\"/></p><p class=\"ql-align-justify\" style=\"border: 0px; margin-top: 0px; margin-bottom: 0px; padding: 26px 0px 0px; font-size: 14px; font-family: 宋体; white-space: normal; background-color: rgb(255, 255, 255);\">比较遗憾的是，刚在亚运会上带领中国男篮夺金的周琦，未能出现在本次训练营中。</p><p class=\"ql-align-justify\" style=\"border: 0px; margin-top: 0px; margin-bottom: 0px; padding: 26px 0px 0px; font-size: 14px; font-family: 宋体; white-space: normal; background-color: rgb(255, 255, 255);\">由于六月份球队结束赛程后，周琦都在进行高强度训练，七月份代表火箭征战夏联，八月份出战亚运会，因此他回到美国后不会参加本次团建活动。</p><p style=\"border: 0px; margin-top: 0px; margin-bottom: 0px; padding: 26px 0px 0px; font-size: 14px; font-family: 宋体; white-space: normal; background-color: rgb(255, 255, 255);\">　　<img src=\"http://5b0988e595225.cdn.sohucs.com/images/20180906/506ec96338bb4f0a86fbef5c0a387485.jpeg\" max-width=\"600\" style=\"border: 0px; margin: 0px; padding: 0px; font-size: 0px; color: transparent;\"/></p><p class=\"ql-align-justify\" style=\"border: 0px; margin-top: 0px; margin-bottom: 0px; padding: 26px 0px 0px; font-size: 14px; font-family: 宋体; white-space: normal; background-color: rgb(255, 255, 255);\">周琦在最新的《周·记》中写道：出发咯！面对竞争激烈的NBA全力以赴。</p><p class=\"ql-align-justify\" style=\"border: 0px; margin-top: 0px; margin-bottom: 0px; padding: 26px 0px 0px; font-size: 14px; font-family: 宋体; white-space: normal; background-color: rgb(255, 255, 255);\">新赛季大魔王需要在火箭争得一席之地，而火箭也需要为了最终目的继续前行。</p><p style=\"border: 0px; margin-top: 0px; margin-bottom: 0px; padding: 26px 0px 0px; font-size: 14px; font-family: 宋体; white-space: normal; background-color: rgb(255, 255, 255);\">　　<img src=\"http://5b0988e595225.cdn.sohucs.com/images/20180906/8a227acbe4924b3cab56eee72833d455.jpeg\" max-width=\"600\" style=\"border: 0px; margin: 0px; padding: 0px; font-size: 0px; color: transparent;\"/></p><p class=\"ql-align-justify\" style=\"border: 0px; margin-top: 0px; margin-bottom: 0px; padding: 26px 0px 0px; font-size: 14px; font-family: 宋体; white-space: normal; background-color: rgb(255, 255, 255);\">上赛季勇士不仅没有被打散，反而在夏天补充进了考辛斯，阵容再度升级。明年他们将要面对巨额奢侈税的难题，这或许会导致五星阵容解体，不过这不是火箭希望看见的。</p><p style=\"border: 0px; margin-top: 0px; margin-bottom: 0px; padding: 26px 0px 0px; font-size: 14px; font-family: 宋体; white-space: normal; background-color: rgb(255, 255, 255);\">　　<img src=\"http://5b0988e595225.cdn.sohucs.com/images/20180906/ce5af7d3508547cc896e0c677149f211.jpeg\" max-width=\"600\" style=\"border: 0px; margin: 0px; padding: 0px; font-size: 0px; color: transparent;\"/></p><p class=\"ql-align-justify\" style=\"border: 0px; margin-top: 0px; margin-bottom: 0px; padding: 26px 0px 0px; font-size: 14px; font-family: 宋体; white-space: normal; background-color: rgb(255, 255, 255);\">我火想要的是击败最强的勇士。勇士，新赛季我们再刚一次吧！</p><p><br/></p>', '1536312941', '篮球有毒公众号', '0', '2');
INSERT INTO `blog_article` VALUES ('10', '【湖人国度】不需要杜兰特的加盟，湖人依旧将重现紫金荣光！勇士的挑战者。', '杜兰特_杜兰特_勇士', '【湖人国度】不需要杜兰特的加盟，湖人依旧将重现紫金荣光！勇士的挑战者。近来关于洛杉矶湖人的谣言满天飞。不，湖人签下勒布朗·詹姆斯不是个愚人节玩笑。他真的签了自由球员合约。不，湖人未来不会围绕贾维尔·麦基建队。这是一个可笑的谣言，甚至可以作为一个笑话来证明我的观点。', 'uploads/20180907173610_804.jpeg', '<p style=\"border: 0px; margin-top: 0px; margin-bottom: 0px; padding: 26px 0px 0px; font-size: 14px; font-family: 宋体; white-space: normal; background-color: rgb(255, 255, 255);\"><img src=\"/ueditor/php/upload/image/20180907/1536313028323044.jpeg\" max-width=\"600\" style=\"border: 0px; margin: 0px; padding: 0px; font-size: 0px; color: transparent;\"/><br/></p><p style=\"border: 0px; margin-top: 0px; margin-bottom: 0px; padding: 26px 0px 0px; font-size: 14px; font-family: 宋体; white-space: normal; background-color: rgb(255, 255, 255);\">　　天呐，近来关于洛杉矶湖人的谣言满天飞。不，湖人签下勒布朗·詹姆斯不是个愚人节玩笑。他真的签了自由球员合约。不，湖人未来不会围绕贾维尔·麦基建队。这是一个可笑的谣言，甚至可以作为一个笑话来证明我的观点。</p><p style=\"border: 0px; margin-top: 0px; margin-bottom: 0px; padding: 26px 0px 0px; font-size: 14px; font-family: 宋体; white-space: normal; background-color: rgb(255, 255, 255);\">　　谣言来源于Bleacher Report发表的一篇文章。文章称，尽管洛杉矶湖人队签下了勒布朗·詹姆斯，但他们将在未来5年内变得更糟。</p><p style=\"border: 0px; margin-top: 0px; margin-bottom: 0px; padding: 26px 0px 0px; font-size: 14px; font-family: 宋体; white-space: normal; background-color: rgb(255, 255, 255);\">　　如果湖人球迷相信这一点，他们对珍妮·巴斯就不会像对她父亲杰里·巴斯那样充满信心。</p><p style=\"border: 0px; margin-top: 0px; margin-bottom: 0px; padding: 26px 0px 0px; font-size: 14px; font-family: 宋体; white-space: normal; background-color: rgb(255, 255, 255);\">　　更让人不安的是，湖人球迷对篮球运营主管魔术师约翰逊远不如对引领“Showtime”时代球队进攻的魔术师约翰逊有信心。但是加上罗勃·佩林卡，他们三人已经赢得了让各路媒体、球迷以及全世界都对他们保持耐心的权利，所以退后一步，看看会发生什么。</p><p style=\"border: 0px; margin-top: 0px; margin-bottom: 0px; padding: 26px 0px 0px; font-size: 14px; font-family: 宋体; white-space: normal; background-color: rgb(255, 255, 255);\">　　依我拙见，球迷们似乎忽视了冠军球队里最重要的组成部分——球队管理层。金州勇士队就知道这一点。他们有乔·莱科布和他的管理团队，还有称职的鲍勃·迈尔斯负责篮球决策，组建球队阵容。</p><p style=\"border: 0px; margin-top: 0px; margin-bottom: 0px; padding: 26px 0px 0px; font-size: 14px; font-family: 宋体; white-space: normal; background-color: rgb(255, 255, 255);\">　　我相信所有湖人球迷都记得一个叫杰里·韦斯特的家伙……他一手为湖人带来了科比-沙克盛世，也是卡里姆、魔术师、沃西和库珀带领的那支80年代辉煌湖人的管理层一员。</p><p style=\"border: 0px; margin-top: 0px; margin-bottom: 0px; padding: 26px 0px 0px; font-size: 14px; font-family: 宋体; white-space: normal; background-color: rgb(255, 255, 255);\">　　你看，他是在勇士队重建期间作为特别顾问加盟球队的。还记得勇士队在本世纪初的糟糕表现吗？那时没有人能预见到他们今天的统治地位。但是球队管理层对于球队的未来有一个清晰的愿景和执行计划。他们意识到这需要时间。</p><p class=\"ql-align-center\" style=\"border: 0px; margin-top: 0px; margin-bottom: 0px; padding: 26px 0px 0px; font-size: 14px; font-family: 宋体; white-space: normal; background-color: rgb(255, 255, 255);\"><img src=\"/ueditor/php/upload/image/20180907/1536313028489466.jpeg\" max-width=\"600\" style=\"border: 0px; margin: 0px; padding: 0px; font-size: 0px; color: transparent;\"/></p><p style=\"border: 0px; margin-top: 0px; margin-bottom: 0px; padding: 26px 0px 0px; font-size: 14px; font-family: 宋体; white-space: normal; background-color: rgb(255, 255, 255);\">　　很多NBA球迷可能已经忘记了克雷·汤普森差点被交易到明尼苏达去换凯文·勒夫。从纸面上看，这是一笔不错的交易；但是从比赛风格以及与勇士阵容的搭配程度来看，这就是一个错误。正是杰里·韦斯特威胁说，如果不取消这笔交易，他就辞职。这笔交易最终没有达成，而其他的就都是历史了。</p><p style=\"border: 0px; margin-top: 0px; margin-bottom: 0px; padding: 26px 0px 0px; font-size: 14px; font-family: 宋体; white-space: normal; background-color: rgb(255, 255, 255);\">　　我想说的是要有一个清晰的计划并坚持下去，而湖人能活在当下么？</p><p style=\"border: 0px; margin-top: 0px; margin-bottom: 0px; padding: 26px 0px 0px; font-size: 14px; font-family: 宋体; white-space: normal; background-color: rgb(255, 255, 255);\">　　洛杉矶湖人队会在五年内变得更好，不是因为勒布朗·詹姆斯，而是因为球队管理层。勒布朗·詹姆斯也许是世界上最优秀的球员，但在商业领域，他只是……</p><p style=\"border: 0px; margin-top: 0px; margin-bottom: 0px; padding: 26px 0px 0px; font-size: 14px; font-family: 宋体; white-space: normal; background-color: rgb(255, 255, 255);\">　　一名高薪员工。</p><p style=\"border: 0px; margin-top: 0px; margin-bottom: 0px; padding: 26px 0px 0px; font-size: 14px; font-family: 宋体; white-space: normal; background-color: rgb(255, 255, 255);\">　　我知道这听起来像是作者被坟墓中的杰里·克劳斯附体，被迫写下这篇文章，同时下面读者评论会充满有关迈克尔·乔丹的言论。但请容我慢慢道来(注：杰里·克劳斯，芝加哥公牛队前总经理，他是公牛队6冠伟业的集结人)。</p><p style=\"border: 0px; margin-top: 0px; margin-bottom: 0px; padding: 26px 0px 0px; font-size: 14px; font-family: 宋体; white-space: normal; background-color: rgb(255, 255, 255);\">　　为了腾出空间签下勒布朗·詹姆斯，湖人管理层不得不对球队做出重大调整，清理一些球员。而且未来还会有类似的事情发生。</p><p style=\"border: 0px; margin-top: 0px; margin-bottom: 0px; padding: 26px 0px 0px; font-size: 14px; font-family: 宋体; white-space: normal; background-color: rgb(255, 255, 255);\">　　让我们暂时忘记未来五年内湖人的发展，一同回首五年前的湖人……</p><p style=\"border: 0px; margin-top: 0px; margin-bottom: 0px; padding: 26px 0px 0px; font-size: 14px; font-family: 宋体; white-space: normal; background-color: rgb(255, 255, 255);\">　　球迷们放任米奇·库普切克和吉姆·巴斯来做决定。可是结果如何呢？糟糕的合同、没有薪资空间，哦对了，吉姆·巴斯的湖人还有一个更重要的特点……</p><p style=\"border: 0px; margin-top: 0px; margin-bottom: 0px; padding: 26px 0px 0px; font-size: 14px; font-family: 宋体; white-space: normal; background-color: rgb(255, 255, 255);\">　　没有大牌自由球员！</p><p style=\"border: 0px; margin-top: 0px; margin-bottom: 0px; padding: 26px 0px 0px; font-size: 14px; font-family: 宋体; white-space: normal; background-color: rgb(255, 255, 255);\">　　你忘了湖人当年连获得和自由球员会面的机会都难吗？而当他们刚进入球队的时候呢？忘了保罗·乔治吧，很快就会有讨论的，相信我。</p><p style=\"border: 0px; margin-top: 0px; margin-bottom: 0px; padding: 26px 0px 0px; font-size: 14px; font-family: 宋体; white-space: normal; background-color: rgb(255, 255, 255);\">　　还记得德怀特·霍华德拒绝了湖人的长期合同吗？（现在看来是不是还有些后怕）卡梅隆·安东尼呢？以及联盟里没有人愿意和科比·布莱恩特一起打球的传言？还记得那些日子吗？</p><p style=\"border: 0px; margin-top: 0px; margin-bottom: 0px; padding: 26px 0px 0px; font-size: 14px; font-family: 宋体; white-space: normal; background-color: rgb(255, 255, 255);\">　　让我来提醒你。</p><p class=\"ql-align-center\" style=\"border: 0px; margin-top: 0px; margin-bottom: 0px; padding: 26px 0px 0px; font-size: 14px; font-family: 宋体; white-space: normal; background-color: rgb(255, 255, 255);\"><img src=\"/ueditor/php/upload/image/20180907/1536313028277104.jpeg\" max-width=\"600\" style=\"border: 0px; margin: 0px; padding: 0px; font-size: 0px; color: transparent;\"/></p><p style=\"border: 0px; margin-top: 0px; margin-bottom: 0px; padding: 26px 0px 0px; font-size: 14px; font-family: 宋体; white-space: normal; background-color: rgb(255, 255, 255);\">　　<strong style=\"border: 0px; margin: 0px; padding: 0px;\">2013年</strong></p><p style=\"border: 0px; margin-top: 0px; margin-bottom: 0px; padding: 26px 0px 0px; font-size: 14px; font-family: 宋体; white-space: normal; background-color: rgb(255, 255, 255);\">　　德怀特·霍华德叛逃，前往休斯顿火箭队与另一名全明星后卫詹姆斯·哈登联手。湖人管理层签下了自由球员乔丹·法玛尔，尼克·杨，克里斯·卡曼和韦斯利·约翰逊。</p><p style=\"border: 0px; margin-top: 0px; margin-bottom: 0px; padding: 26px 0px 0px; font-size: 14px; font-family: 宋体; white-space: normal; background-color: rgb(255, 255, 255);\">　　如果你不记得约翰逊的话，他就是那个惨遭詹姆斯·哈登晃倒的家伙。这个高光时刻在ESPN上连续播放了将近三个月。在YouTube上搜索一下，那个被晃倒在地的家伙正是当时湖人想要的球员。</p><p style=\"border: 0px; margin-top: 0px; margin-bottom: 0px; padding: 26px 0px 0px; font-size: 14px; font-family: 宋体; white-space: normal; background-color: rgb(255, 255, 255);\">　　<strong style=\"border: 0px; margin: 0px; padding: 0px;\">2014年</strong></p><p style=\"border: 0px; margin-top: 0px; margin-bottom: 0px; padding: 26px 0px 0px; font-size: 14px; font-family: 宋体; white-space: normal; background-color: rgb(255, 255, 255);\">　　人们总是忘记湖人以前也曾试图签下勒布朗·詹姆斯，结果詹姆斯又回了克利夫兰。之前提到的卡梅隆·安东尼回归纽约。那凯尔·洛瑞怎么样？嗯……没有，他留在了多伦多。</p><p style=\"border: 0px; margin-top: 0px; margin-bottom: 0px; padding: 26px 0px 0px; font-size: 14px; font-family: 宋体; white-space: normal; background-color: rgb(255, 255, 255);\">　　湖人队失去了保罗·加索尔，他决定前往风城。他在“后沙克时代”随队赢得了两次总冠军。但是你猜怎么着？湖人重新签下了乔丹·希尔和尼克·杨。</p><p style=\"border: 0px; margin-top: 0px; margin-bottom: 0px; padding: 26px 0px 0px; font-size: 14px; font-family: 宋体; white-space: normal; background-color: rgb(255, 255, 255);\">　　哦，湖人球迷们，接下来的故事就更精彩了，继续读下去吧。</p><p style=\"border: 0px; margin-top: 0px; margin-bottom: 0px; padding: 26px 0px 0px; font-size: 14px; font-family: 宋体; white-space: normal; background-color: rgb(255, 255, 255);\">　　<strong style=\"border: 0px; margin: 0px; padding: 0px;\">2015年</strong></p><p style=\"border: 0px; margin-top: 0px; margin-bottom: 0px; padding: 26px 0px 0px; font-size: 14px; font-family: 宋体; white-space: normal; background-color: rgb(255, 255, 255);\">　　如果这个故事还不能让人们对管理层有啥想法的话，那就没有什么了。还记得我们在拉马库斯·阿尔德里奇争夺战中的惨败吗？双方的会面被泄露给媒体，远比拉瓦尔·鲍尔日常对朗佐的吹嘘更令人难堪。</p><p style=\"border: 0px; margin-top: 0px; margin-bottom: 0px; padding: 26px 0px 0px; font-size: 14px; font-family: 宋体; white-space: normal; background-color: rgb(255, 255, 255);\">　　内部人士透露说，科比·布莱恩特穿着运动裤（大哥认真的吗？)就来参加了会议，而且湖人队完全没有准备好向阿尔德里奇展示他们的发展规划和篮球哲学。据报道，拉马库斯对湖人完全不感兴趣（他在这里表现得非常友善！），并选择和圣安东尼奥签约。</p><p style=\"border: 0px; margin-top: 0px; margin-bottom: 0px; padding: 26px 0px 0px; font-size: 14px; font-family: 宋体; white-space: normal; background-color: rgb(255, 255, 255);\">　　湖人队还曾追求格雷格·门罗，但是被断然拒绝。门罗最终去了雄鹿队。湖人最终交易得到“冰山”罗伊·希伯特以及他的垃圾合同，并签下了路易斯·威廉姆斯和布兰登·巴斯。</p><p class=\"ql-align-center\" style=\"border: 0px; margin-top: 0px; margin-bottom: 0px; padding: 26px 0px 0px; font-size: 14px; font-family: 宋体; white-space: normal; background-color: rgb(255, 255, 255);\"><img src=\"/ueditor/php/upload/image/20180907/1536313028854524.jpeg\" max-width=\"600\" style=\"border: 0px; margin: 0px; padding: 0px; font-size: 0px; color: transparent;\"/></p><p style=\"border: 0px; margin-top: 0px; margin-bottom: 0px; padding: 26px 0px 0px; font-size: 14px; font-family: 宋体; white-space: normal; background-color: rgb(255, 255, 255);\">　　<strong style=\"border: 0px; margin: 0px; padding: 0px;\">2016年</strong></p><p style=\"border: 0px; margin-top: 0px; margin-bottom: 0px; padding: 26px 0px 0px; font-size: 14px; font-family: 宋体; white-space: normal; background-color: rgb(255, 255, 255);\">　　想谈谈鲁尔·邓的合同吗？魔术师约翰逊可不想。4年7200万美元。纪莫菲·莫兹戈夫呢？一份6400万美元的合同。</p><p style=\"border: 0px; margin-top: 0px; margin-bottom: 0px; padding: 26px 0px 0px; font-size: 14px; font-family: 宋体; white-space: normal; background-color: rgb(255, 255, 255);\">　　<strong style=\"border: 0px; margin: 0px; padding: 0px;\">2017年</strong></p><p style=\"border: 0px; margin-top: 0px; margin-bottom: 0px; padding: 26px 0px 0px; font-size: 14px; font-family: 宋体; white-space: normal; background-color: rgb(255, 255, 255);\">　　湖人想要乔治·希尔，但是他和国王签约了。让我再重复一遍，乔治·希尔在洛杉矶湖人队和国王队之间选择了和国王签约。</p><p style=\"border: 0px; margin-top: 0px; margin-bottom: 0px; padding: 26px 0px 0px; font-size: 14px; font-family: 宋体; white-space: normal; background-color: rgb(255, 255, 255);\">　　布鲁克·洛佩兹的交易怎么样？他更多让你想起了沙克还是罗尼·塞卡利？这可谓是那个夏天最明智的交易。洛佩兹的合同已经不需要湖人承担，湖人也摆脱了德安吉洛·拉塞尔，他是库普切克/吉姆·巴斯的另一个错误决定。</p><p style=\"border: 0px; margin-top: 0px; margin-bottom: 0px; padding: 26px 0px 0px; font-size: 14px; font-family: 宋体; white-space: normal; background-color: rgb(255, 255, 255);\">　　肯尼斯·蒂佩在他早些时候发表的文章中分析了Bleacher Report的这篇文章，大家可以去读一读。这是一篇很有趣的文章。</p><p style=\"border: 0px; margin-top: 0px; margin-bottom: 0px; padding: 26px 0px 0px; font-size: 14px; font-family: 宋体; white-space: normal; background-color: rgb(255, 255, 255);\">　　我将会从另一个角度分析Bleacher Report这篇文章。</p><p style=\"border: 0px; margin-top: 0px; margin-bottom: 0px; padding: 26px 0px 0px; font-size: 14px; font-family: 宋体; white-space: normal; background-color: rgb(255, 255, 255);\">　　“詹姆斯不会永远抱着长远的眼光，湖人将不得不在某个时间点梭哈一波。这名全能型的球员只需要球队签下科怀·伦纳德或者凯文·杜兰特中的一个就可以了。这可能需要湖人将朗佐·鲍尔、约什·哈特、布兰登·英格拉姆和凯尔?库兹马中的几个人打包交易得到另一名明星。”</p><p class=\"ql-align-center\" style=\"border: 0px; margin-top: 0px; margin-bottom: 0px; padding: 26px 0px 0px; font-size: 14px; font-family: 宋体; white-space: normal; background-color: rgb(255, 255, 255);\"><img src=\"/ueditor/php/upload/image/20180907/1536313028253365.jpeg\" max-width=\"600\" style=\"border: 0px; margin: 0px; padding: 0px; font-size: 0px; color: transparent;\"/></p><p style=\"border: 0px; margin-top: 0px; margin-bottom: 0px; padding: 26px 0px 0px; font-size: 14px; font-family: 宋体; white-space: normal; background-color: rgb(255, 255, 255);\">　　至于詹姆斯是否接受湖人的长期规划……谁在乎呢？！</p><p style=\"border: 0px; margin-top: 0px; margin-bottom: 0px; padding: 26px 0px 0px; font-size: 14px; font-family: 宋体; white-space: normal; background-color: rgb(255, 255, 255);\">　　我认为魔术师约翰逊和勒布朗在签约前已经就这个问题展开过讨论了，这是其一。其二，詹姆斯签了三年的合同，以及第四年的球员选项。兄弟，这就是接受长期规划啊。如果他不想成为长期计划的一部分，他大可以像在克利夫兰那样，签下一份两年合同，其中第二年保留球员选项。显然，他们是有一个计划的。</p><p style=\"border: 0px; margin-top: 0px; margin-bottom: 0px; padding: 26px 0px 0px; font-size: 14px; font-family: 宋体; white-space: normal; background-color: rgb(255, 255, 255);\">　　在我看来，凯文·杜兰特不会来洛杉矶的，除非是勇士队来斯台普斯中心打客场比赛。科怀·伦纳德是湖人休赛期最大的目标，这取决于湖人愿意等多久。如果湖人能在休赛期得到伦纳德，他们就不必把文中提到的所有年轻天才们都交易掉。</p><p style=\"border: 0px; margin-top: 0px; margin-bottom: 0px; padding: 26px 0px 0px; font-size: 14px; font-family: 宋体; white-space: normal; background-color: rgb(255, 255, 255);\">　　如果伦纳德能恢复状态，湖人就不需要勒布朗来和“时光老人”做斗争，来率领球队取得胜利。伦纳德可以成为推动这支球队前进的引擎。这需要詹姆斯的一些适应性调整，但是这将表明詹姆斯是否真的需要帮助？</p><p style=\"border: 0px; margin-top: 0px; margin-bottom: 0px; padding: 26px 0px 0px; font-size: 14px; font-family: 宋体; white-space: normal; background-color: rgb(255, 255, 255);\">　　另外，如果勒布朗的效率真的像文章中说的那样，在几年后断崖式下滑，或者他对球队发展方向的看法发生了改变……这有个想法——交易勒布朗·詹姆斯。记住，他的合同中没有不可交易条款。他在克利夫兰的时候就利用了这个条款。</p><p style=\"border: 0px; margin-top: 0px; margin-bottom: 0px; padding: 26px 0px 0px; font-size: 14px; font-family: 宋体; white-space: normal; background-color: rgb(255, 255, 255);\">　　你会得到一些资产，包括选秀权或是一些想要离开的优秀球员。想想凯里·欧文，克里斯·保罗或者保罗·乔治吧。更重要的是，你可以获得大量的薪资空间，为争取自由球员创造条件。</p><p style=\"border: 0px; margin-top: 0px; margin-bottom: 0px; padding: 26px 0px 0px; font-size: 14px; font-family: 宋体; white-space: normal; background-color: rgb(255, 255, 255);\">　　最后，如果你没有被魔术师约翰逊和他的远见所打动，你有没有看到道奇队过去五年里的表现？！</p><p><br/></p>', '1536313048', 'Ronald Agers', '0', '7');
INSERT INTO `blog_article` VALUES ('11', '搜狐体育 乒乓球天才长啥样？看看拿到大满贯的这五个男人！', '乒乓球_搜狐体育', '乒乓球运动诞生至今已逾百年，涌现很多天才冠军，但只有五个男人，赢得三大赛单打冠军，拿到“大满贯”头衔。;乒乓球运动诞生至今已逾百年，涌现很多天才冠军，但只有五个男人，赢得三大赛单打冠军，拿到“大满贯”头衔。', 'uploads/20180907173825_824.jpeg', '<p style=\"border: 0px; margin-top: 0px; margin-bottom: 0px; padding: 26px 0px 0px; font-size: 14px; font-family: 宋体; white-space: normal; background-color: rgb(255, 255, 255);\">乒乓球运动诞生至今已逾百年，涌现很多天才冠军，但<span style=\"border: 0px; margin: 0px; padding: 0px;\"><strong style=\"border: 0px; margin: 0px; padding: 0px;\">只有五个男人，赢得三大赛单打冠军，拿到“大满贯”头衔。</strong></span></p><p style=\"border: 0px; margin-top: 0px; margin-bottom: 0px; padding: 26px 0px 0px; font-size: 14px; font-family: 宋体; white-space: normal; background-color: rgb(255, 255, 255);\">　　从垂髫到耄耋，真心热爱乒乓球的人们，没有谁不知道他们的名字。国球汇君在心里默念了一遍，脑海翻腾历史风云。如果有可能，君愿意众筹集齐五位男子“大满贯”同台竞技。</p><p style=\"border: 0px; margin-top: 0px; margin-bottom: 0px; padding: 26px 0px 0px; font-size: 14px; font-family: 宋体; white-space: normal; background-color: rgb(255, 255, 255);\">　　<img src=\"http://5b0988e595225.cdn.sohucs.com/images/20180906/a5bd34aacd5348908a0f91b13a0a4a1d.jpeg\" style=\"border: 0px; margin: 0px; padding: 0px; font-size: 0px; color: transparent;\"/></p><p style=\"border: 0px; margin-top: 0px; margin-bottom: 0px; padding: 26px 0px 0px; font-size: 14px; font-family: 宋体; white-space: normal; background-color: rgb(255, 255, 255);\">　　<strong style=\"border: 0px; margin: 0px; padding: 0px;\">瓦尔德内尔：乒乓皇帝</strong></p><p style=\"border: 0px; margin-top: 0px; margin-bottom: 0px; padding: 26px 0px 0px; font-size: 14px; font-family: 宋体; white-space: normal; background-color: rgb(255, 255, 255);\">　　<img src=\"http://5b0988e595225.cdn.sohucs.com/images/20180906/1067ff41d16b4fbebdf03943e760a4f7.jpeg\" style=\"border: 0px; margin: 0px; padding: 0px; font-size: 0px; color: transparent;\"/></p><p style=\"border: 0px; margin-top: 0px; margin-bottom: 0px; padding: 26px 0px 0px; font-size: 14px; font-family: 宋体; white-space: normal; background-color: rgb(255, 255, 255);\">　　瓦尔德内尔是<span style=\"border: 0px; margin: 0px; padding: 0px;\"><strong style=\"border: 0px; margin: 0px; padding: 0px;\">乒坛历史上第一位</strong></span>获得奥运会金牌、世乒赛冠军和世界杯冠军的男子乒乓球运动员，代表男子乒坛至高荣誉的“大满贯”头衔由此而生。</p><p style=\"border: 0px; margin-top: 0px; margin-bottom: 0px; padding: 26px 0px 0px; font-size: 14px; font-family: 宋体; white-space: normal; background-color: rgb(255, 255, 255);\">　　提起老瓦，君说都不会话了，除了“流弊流弊”，还能说些什么？百科里说的都对，你们接下来要说的每一个字，都对都对！！乒乓皇帝，再多的赞美都经得起，都对都对都对！！！</p><p style=\"border: 0px; margin-top: 0px; margin-bottom: 0px; padding: 26px 0px 0px; font-size: 14px; font-family: 宋体; white-space: normal; background-color: rgb(255, 255, 255);\">　　为啥老瓦时间维度比对手高好几级？肯定手握进度条！</p><p style=\"border: 0px; margin-top: 0px; margin-bottom: 0px; padding: 26px 0px 0px; font-size: 14px; font-family: 宋体; white-space: normal; background-color: rgb(255, 255, 255);\">　　<img src=\"http://5b0988e595225.cdn.sohucs.com/images/20180906/0839f569d1df4dd98daffc2da082df9c.gif\" style=\"border: 0px; margin: 0px; padding: 0px; font-size: 0px; color: transparent;\"/></p><p style=\"border: 0px; margin-top: 0px; margin-bottom: 0px; padding: 26px 0px 0px; font-size: 14px; font-family: 宋体; white-space: normal; background-color: rgb(255, 255, 255);\">　　神特么一样的手感，也就是随便打打</p><p style=\"border: 0px; margin-top: 0px; margin-bottom: 0px; padding: 26px 0px 0px; font-size: 14px; font-family: 宋体; white-space: normal; background-color: rgb(255, 255, 255);\">　　<img src=\"http://5b0988e595225.cdn.sohucs.com/images/20180906/1c7a02c9bb56419caee9439681d180fe.gif\" style=\"border: 0px; margin: 0px; padding: 0px; font-size: 0px; color: transparent;\"/></p><p style=\"border: 0px; margin-top: 0px; margin-bottom: 0px; padding: 26px 0px 0px; font-size: 14px; font-family: 宋体; white-space: normal; background-color: rgb(255, 255, 255);\">　　能让刘国梁感觉智商要充费的，恐怕只有老瓦了</p><p style=\"border: 0px; margin-top: 0px; margin-bottom: 0px; padding: 26px 0px 0px; font-size: 14px; font-family: 宋体; white-space: normal; background-color: rgb(255, 255, 255);\">　　<img src=\"http://5b0988e595225.cdn.sohucs.com/images/20180906/b90f0e42796648f09db146bf07a7c980.gif\" style=\"border: 0px; margin: 0px; padding: 0px; font-size: 0px; color: transparent;\"/></p><p style=\"border: 0px; margin-top: 0px; margin-bottom: 0px; padding: 26px 0px 0px; font-size: 14px; font-family: 宋体; white-space: normal; background-color: rgb(255, 255, 255);\">　　<strong style=\"border: 0px; margin: 0px; padding: 0px;\">刘国梁：首个直板“大满贯”</strong></p><p style=\"border: 0px; margin-top: 0px; margin-bottom: 0px; padding: 26px 0px 0px; font-size: 14px; font-family: 宋体; white-space: normal; background-color: rgb(255, 255, 255);\">　　<img src=\"http://5b0988e595225.cdn.sohucs.com/images/20180906/2ea71922fa10478aa8bb0c8edc58a88c.jpeg\" style=\"border: 0px; margin: 0px; padding: 0px; font-size: 0px; color: transparent;\"/></p><p style=\"border: 0px; margin-top: 0px; margin-bottom: 0px; padding: 26px 0px 0px; font-size: 14px; font-family: 宋体; white-space: normal; background-color: rgb(255, 255, 255);\">　　随着乒乓球运动发展，许多打法由主流变特殊，甚至逐渐消失。直板的明天在哪里？这样沉重的命题，谁也说不出答案。翻开历史，刘国梁赢得“大满贯”，记录直板打法的高光时刻。</p><p style=\"border: 0px; margin-top: 0px; margin-bottom: 0px; padding: 26px 0px 0px; font-size: 14px; font-family: 宋体; white-space: normal; background-color: rgb(255, 255, 255);\">　　二十年前的直板横打，求新求变的刘国梁</p><p style=\"border: 0px; margin-top: 0px; margin-bottom: 0px; padding: 26px 0px 0px; font-size: 14px; font-family: 宋体; white-space: normal; background-color: rgb(255, 255, 255);\">　　<img src=\"http://5b0988e595225.cdn.sohucs.com/images/20180906/409846ce6dd948e8a9dcfaa8a4dfd628.gif\" style=\"border: 0px; margin: 0px; padding: 0px; font-size: 0px; color: transparent;\"/></p><p style=\"border: 0px; margin-top: 0px; margin-bottom: 0px; padding: 26px 0px 0px; font-size: 14px; font-family: 宋体; white-space: normal; background-color: rgb(255, 255, 255);\">　　如今的月半，曾敏锐勇猛更胜马琳</p><p style=\"border: 0px; margin-top: 0px; margin-bottom: 0px; padding: 26px 0px 0px; font-size: 14px; font-family: 宋体; white-space: normal; background-color: rgb(255, 255, 255);\">　　<img src=\"http://5b0988e595225.cdn.sohucs.com/images/20180906/2ddd925975704f379b5d0a45e902100f.gif\" style=\"border: 0px; margin: 0px; padding: 0px; font-size: 0px; color: transparent;\"/></p><p style=\"border: 0px; margin-top: 0px; margin-bottom: 0px; padding: 26px 0px 0px; font-size: 14px; font-family: 宋体; white-space: normal; background-color: rgb(255, 255, 255);\">　　首个直板“大满贯”在此刻诞生，对面的马琳同样是直板，逐梦圣·勃莱德杯，球场上的宿命才刚刚开始。或对面，或并肩而立的人们，正在产生千丝万缕的联系，人生大戏徐徐展开。</p><p style=\"border: 0px; margin-top: 0px; margin-bottom: 0px; padding: 26px 0px 0px; font-size: 14px; font-family: 宋体; white-space: normal; background-color: rgb(255, 255, 255);\">　　<img src=\"http://5b0988e595225.cdn.sohucs.com/images/20180906/a361193237594bc19882a092ce398a8b.gif\" style=\"border: 0px; margin: 0px; padding: 0px; font-size: 0px; color: transparent;\"/></p><p style=\"border: 0px; margin-top: 0px; margin-bottom: 0px; padding: 26px 0px 0px; font-size: 14px; font-family: 宋体; white-space: normal; background-color: rgb(255, 255, 255);\">　　<strong style=\"border: 0px; margin: 0px; padding: 0px;\">孔令辉：精密如机械</strong></p><p style=\"border: 0px; margin-top: 0px; margin-bottom: 0px; padding: 26px 0px 0px; font-size: 14px; font-family: 宋体; white-space: normal; background-color: rgb(255, 255, 255);\">　　<img src=\"http://5b0988e595225.cdn.sohucs.com/images/20180906/a52f8171e35c42bc91423481ef5c004c.jpeg\" style=\"border: 0px; margin: 0px; padding: 0px; font-size: 0px; color: transparent;\"/></p><p style=\"border: 0px; margin-top: 0px; margin-bottom: 0px; padding: 26px 0px 0px; font-size: 14px; font-family: 宋体; white-space: normal; background-color: rgb(255, 255, 255);\">　　孔令辉的打法，<strong style=\"border: 0px; margin: 0px; padding: 0px;\">结合传统横拍快攻与欧洲横拍进攻型打法，两面拉弧圈稳中带凶。</strong>孔令辉场上击球感觉很好，看准每一条可能是机会的线路，防得稳攻得狠，扭转局面往往在一个瞬间。</p><p style=\"border: 0px; margin-top: 0px; margin-bottom: 0px; padding: 26px 0px 0px; font-size: 14px; font-family: 宋体; white-space: normal; background-color: rgb(255, 255, 255);\">　　大杀板滚滚而来，仍能从容不迫空手夺白刃</p><p style=\"border: 0px; margin-top: 0px; margin-bottom: 0px; padding: 26px 0px 0px; font-size: 14px; font-family: 宋体; white-space: normal; background-color: rgb(255, 255, 255);\">　　<img src=\"http://5b0988e595225.cdn.sohucs.com/images/20180906/21ac9d9dcf704f5da540f8fb4e542bb1.gif\" style=\"border: 0px; margin: 0px; padding: 0px; font-size: 0px; color: transparent;\"/></p><p style=\"border: 0px; margin-top: 0px; margin-bottom: 0px; padding: 26px 0px 0px; font-size: 14px; font-family: 宋体; white-space: normal; background-color: rgb(255, 255, 255);\">　　战胜曾经的王者瓦尔德内尔，没有哪一个“大满贯”是浪得虚名</p><p style=\"border: 0px; margin-top: 0px; margin-bottom: 0px; padding: 26px 0px 0px; font-size: 14px; font-family: 宋体; white-space: normal; background-color: rgb(255, 255, 255);\">　　<img src=\"http://5b0988e595225.cdn.sohucs.com/images/20180906/cb52a79f3d1b4fde88f2b61e0c9d17d7.gif\" style=\"border: 0px; margin: 0px; padding: 0px; font-size: 0px; color: transparent;\"/></p><p style=\"border: 0px; margin-top: 0px; margin-bottom: 0px; padding: 26px 0px 0px; font-size: 14px; font-family: 宋体; white-space: normal; background-color: rgb(255, 255, 255);\">　　亲吻国旗的画面，千禧年的国民记忆</p><p style=\"border: 0px; margin-top: 0px; margin-bottom: 0px; padding: 26px 0px 0px; font-size: 14px; font-family: 宋体; white-space: normal; background-color: rgb(255, 255, 255);\">　　<img src=\"http://5b0988e595225.cdn.sohucs.com/images/20180906/199f3314774f4694ad66a65d1f5b72d7.gif\" style=\"border: 0px; margin: 0px; padding: 0px; font-size: 0px; color: transparent;\"/></p><p style=\"border: 0px; margin-top: 0px; margin-bottom: 0px; padding: 26px 0px 0px; font-size: 14px; font-family: 宋体; white-space: normal; background-color: rgb(255, 255, 255);\">　　<strong style=\"border: 0px; margin: 0px; padding: 0px;\">马龙：中国龙腾飞</strong></p><p style=\"border: 0px; margin-top: 0px; margin-bottom: 0px; padding: 26px 0px 0px; font-size: 14px; font-family: 宋体; white-space: normal; background-color: rgb(255, 255, 255);\">　　<img src=\"http://5b0988e595225.cdn.sohucs.com/images/20180906/3a95d6c930d546069096462fea6c4ff2.jpeg\" style=\"border: 0px; margin: 0px; padding: 0px; font-size: 0px; color: transparent;\"/></p><p style=\"border: 0px; margin-top: 0px; margin-bottom: 0px; padding: 26px 0px 0px; font-size: 14px; font-family: 宋体; white-space: normal; background-color: rgb(255, 255, 255);\">　　他的辉煌是进行时，他的记录每天在延续，他会出现在下一站的赛场上……</p><p style=\"border: 0px; margin-top: 0px; margin-bottom: 0px; padding: 26px 0px 0px; font-size: 14px; font-family: 宋体; white-space: normal; background-color: rgb(255, 255, 255);\">　　过去十年，他从未淡出超一流高手行列；今天，他是距离下一个“大满贯”最近的人……</p><p style=\"border: 0px; margin-top: 0px; margin-bottom: 0px; padding: 26px 0px 0px; font-size: 14px; font-family: 宋体; white-space: normal; background-color: rgb(255, 255, 255);\">　　说马龙，何需翻历史！</p><p style=\"border: 0px; margin-top: 0px; margin-bottom: 0px; padding: 26px 0px 0px; font-size: 14px; font-family: 宋体; white-space: normal; background-color: rgb(255, 255, 255);\">　　<img src=\"http://5b0988e595225.cdn.sohucs.com/images/20180906/fcda0bff7ddf44f38a563ff4831fc89a.gif\" style=\"border: 0px; margin: 0px; padding: 0px; font-size: 0px; color: transparent;\"/></p><p style=\"border: 0px; margin-top: 0px; margin-bottom: 0px; padding: 26px 0px 0px; font-size: 14px; font-family: 宋体; white-space: normal; background-color: rgb(255, 255, 255);\">　　<img src=\"http://5b0988e595225.cdn.sohucs.com/images/20180906/26676ea8781b4268be050b12d45b218f.gif\" style=\"border: 0px; margin: 0px; padding: 0px; font-size: 0px; color: transparent;\"/></p><p style=\"border: 0px; margin-top: 0px; margin-bottom: 0px; padding: 26px 0px 0px; font-size: 14px; font-family: 宋体; white-space: normal; background-color: rgb(255, 255, 255);\">　　<strong style=\"border: 0px; margin: 0px; padding: 0px;\">张继科：史上最快“大满贯”</strong></p><p style=\"border: 0px; margin-top: 0px; margin-bottom: 0px; padding: 26px 0px 0px; font-size: 14px; font-family: 宋体; white-space: normal; background-color: rgb(255, 255, 255);\">　　<img src=\"http://5b0988e595225.cdn.sohucs.com/images/20180906/a532b62a85434a6297160cb58be4e3c0.jpeg\" style=\"border: 0px; margin: 0px; padding: 0px; font-size: 0px; color: transparent;\"/></p><p style=\"border: 0px; margin-top: 0px; margin-bottom: 0px; padding: 26px 0px 0px; font-size: 14px; font-family: 宋体; white-space: normal; background-color: rgb(255, 255, 255);\">　　看张继科的比赛，最大的感受就是“热”，场上杀气腾腾，观众热血沸腾。</p><p style=\"border: 0px; margin-top: 0px; margin-bottom: 0px; padding: 26px 0px 0px; font-size: 14px; font-family: 宋体; white-space: normal; background-color: rgb(255, 255, 255);\">　　<img src=\"http://5b0988e595225.cdn.sohucs.com/images/20180906/8af77f4665be4845a2c4851537278949.gif\" style=\"border: 0px; margin: 0px; padding: 0px; font-size: 0px; color: transparent;\"/></p><p style=\"border: 0px; margin-top: 0px; margin-bottom: 0px; padding: 26px 0px 0px; font-size: 14px; font-family: 宋体; white-space: normal; background-color: rgb(255, 255, 255);\">　　<img src=\"http://5b0988e595225.cdn.sohucs.com/images/20180906/59cea1363c19477fbce03980bc203dc6.gif\" style=\"border: 0px; margin: 0px; padding: 0px; font-size: 0px; color: transparent;\"/></p><p style=\"border: 0px; margin-top: 0px; margin-bottom: 0px; padding: 26px 0px 0px; font-size: 14px; font-family: 宋体; white-space: normal; background-color: rgb(255, 255, 255);\">　　对飙肾上腺素带来的快感，连连泥娃老师都不能拒绝</p><p style=\"border: 0px; margin-top: 0px; margin-bottom: 0px; padding: 26px 0px 0px; font-size: 14px; font-family: 宋体; white-space: normal; background-color: rgb(255, 255, 255);\">　　<img src=\"http://5b0988e595225.cdn.sohucs.com/images/20180906/519792fd0ecc48529ea18f69d3ac324a.gif\" style=\"border: 0px; margin: 0px; padding: 0px; font-size: 0px; color: transparent;\"/></p><p style=\"border: 0px; margin-top: 0px; margin-bottom: 0px; padding: 26px 0px 0px; font-size: 14px; font-family: 宋体; white-space: normal; background-color: rgb(255, 255, 255);\">　　打乒乓球快乐吗？看看现在的张继科，当他专注在每一分球上，多巴胺开始在场上蔓延。</p><p><br/></p>', '1536313140', '国球汇', '0', '2');
INSERT INTO `blog_article` VALUES ('12', '宣传公益形 体彩冠名上海业余自行车赛', '宣传公益形', '　9月1日上午，由上海市长宁区体彩办冠名的上海城市业余联赛暨“体彩杯”上海市业余自行车联赛·虹桥临空站在上海虹桥临空经济园区内举行。本次大赛共有300余名骑行爱好者参加。', 'uploads/20180907173934_886.jpg', '<p>9月1日上午，由上海市长宁区体彩办冠名的上海城市业余联赛暨“体彩杯”上海市业余自行车联赛·虹桥临空站在上海虹桥临空经济园区内举行。本次大赛共有300余名骑行爱好者参加。</p><p style=\"margin-top: 0px; margin-bottom: 0px; padding: 0px 10px; color: rgb(48, 48, 48); font-family: 宋体; font-size: 14px; white-space: normal; background-color: rgb(255, 255, 255); text-align: center;\"><img alt=\"\" src=\"/ueditor/php/upload/image/20180907/1536313197782225.jpg\" data-bd-imgshare-binded=\"1\" style=\"margin: 0px; padding: 0px; border: 0px; width: 500px; height: 334px;\"/></p><p>　　长宁区体彩办利用本次自行车大赛，在赛事现场制作了大量的印有“公益体彩一起上场”宣传语的刀旗、铁马喷绘等，并设立了体育彩票公益宣传点，同时销售和兑付即开型体育彩票。现场品种多样的即开型体育彩票吸引了众多观赛的市民和园区内的工作人员前来购买，在比赛的同时共同分享体育彩票所带来的快乐和幸运，为本次大赛增添了一道靓丽的风景线。长宁区体育局局长王仁伟、副局长张晓磊及副调研员凌建国亲临现场关心、指导体彩有关工作。</p><p>　　今后，长宁区体彩办将继续利用各类大型体育赛事，大力宣传体育彩票公益形象，让更多的人了解关注体育彩票，进一步扩大体育彩票在市民中的影响力。</p><p><br/></p>', '1536313199', '中国体育报', '0', '6');
INSERT INTO `blog_article` VALUES ('13', '出道23年终于剪刘海！舒淇新发型逆龄似少女', '舒淇_ 凤凰网娱乐', '出道23年终于剪刘海！舒淇新发型逆龄似少女;据台湾媒体报道，6日晚，舒淇在网上贴出近照，虽波浪长发如旧，但额前多了刘海，模样竟让部分网友认不出，还有人直说，42岁的她逆龄如18岁少女。', 'uploads/20180907174035_220.jpg', '<p class=\"detailPic\" style=\"margin: 0px auto; padding: 0px; text-indent: 28px; line-height: 32px; text-align: center; word-wrap: break-word; word-break: normal; color: rgb(43, 43, 43); font-family: &quot;Microsoft Yahei&quot;; white-space: normal; background-color: rgb(255, 255, 255);\"><img src=\"/ueditor/php/upload/image/20180907/1536313255218404.jpg\" alt=\"\" style=\"border: 0px; vertical-align: bottom; display: block; margin: 0px auto; max-width: 100%; height: auto;\"/></p><p style=\"margin-top: 0px; margin-bottom: 32px; padding: 0px; text-indent: 28px; line-height: 32px; text-align: justify; word-wrap: break-word; word-break: normal; color: rgb(43, 43, 43); font-family: &quot;Microsoft Yahei&quot;; white-space: normal; background-color: rgb(255, 255, 255);\">据台湾媒体报道，6日晚，舒淇在网上贴出近照，虽波浪长发如旧，但额前多了刘海，模样竟让部分网友认不出，还有人直说，42岁的她逆龄如18岁少女。</p><p style=\"margin-top: 0px; margin-bottom: 32px; padding: 0px; text-indent: 28px; line-height: 32px; text-align: justify; word-wrap: break-word; word-break: normal; color: rgb(43, 43, 43); font-family: &quot;Microsoft Yahei&quot;; white-space: normal; background-color: rgb(255, 255, 255);\">影后舒淇出道23年，2016年和冯德伦结婚，人气魅力不减，仍是许多人心目中的女神代表，在娱乐圈和时尚圈都有一席地位。造型百变的她，终于换了新造型，</p><p><br/></p>', '1536313259', '凤凰网娱乐', '0', '1');
INSERT INTO `blog_article` VALUES ('14', '张伦硕曾被称小白脸 花积蓄为钟丽缇买六克拉钻戒', '张伦硕_钟丽', '张伦硕曾被称小白脸 花积蓄为钟丽缇买六克拉钻戒;网易娱乐9月7日报道近日，钟丽缇与张伦硕在某综艺节目中畅聊婚恋经过。张伦硕称自己曾被认为是“小白脸”，一度非常愤怒，现场指着钟丽缇说：大家可以问问她花过她钱没有。', 'uploads/20180907174129_425.png', '<p>&nbsp;<span class=\"original\" style=\"margin-right: 20px;\"></span><span class=\"tag\" style=\"float: right;\"></span></p><p style=\"margin-top: 10px; margin-bottom: 20px; padding: 0px; list-style: none; line-height: 30px; word-break: break-all;\"><img src=\"/ueditor/php/upload/image/20180907/1536313314916116.jpeg\" style=\"border: none; max-width: 100%; display: block; height: auto; margin: 10px auto 20px;\"/></p><p style=\"margin-top: 10px; margin-bottom: 20px; padding: 0px; list-style: none; line-height: 30px; word-break: break-all;\">张伦硕曾被认为是小白脸</p><p style=\"margin-top: 10px; margin-bottom: 20px; padding: 0px; list-style: none; line-height: 30px; word-break: break-all;\"><img src=\"/ueditor/php/upload/image/20180907/1536313314826349.jpeg\" style=\"border: none; max-width: 100%; display: block; height: auto; margin: 10px auto 20px;\"/></p><p style=\"margin-top: 10px; margin-bottom: 20px; padding: 0px; list-style: none; line-height: 30px; word-break: break-all;\">张伦硕霸气回应</p><p style=\"margin-top: 10px; margin-bottom: 20px; padding: 0px; list-style: none; line-height: 30px; word-break: break-all;\"><strong>网易娱乐9月7日报道</strong>近日，钟丽缇与张伦硕在某综艺节目中畅聊婚恋经过。张伦硕称自己曾被认为是“小白脸”，一度非常愤怒，现场指着钟丽缇说：大家可以问问她花过她钱没有。</p><p style=\"margin-top: 10px; margin-bottom: 20px; padding: 0px; list-style: none; line-height: 30px; word-break: break-all;\">张伦硕现场称自己没花过钟丽缇的钱，还并自曝曾拿出全部积蓄，为钟丽缇买了六克拉的钻戒，“山东大汉最不能接受这点，你还说我是小白脸，我怎么可能，我最讨厌的就是这点，就完全是被误解的人设，这是完全在侮辱我。”张伦硕难掩激动情绪，气的双手紧握。</p><p><br/></p>', '1536313316', '网易娱乐', '0', '1');
INSERT INTO `blog_article` VALUES ('15', '小红莓主唱死因公布 因喝酒过量醉倒浴缸内被淹死', '小红莓', '小红莓主唱死因公布 因喝酒过量醉倒浴缸内被淹死;据英媒，小红莓乐队主唱桃乐丝的验尸报告6日出炉，证实她是因喝酒过量，醉倒在浴缸内被淹死，其身上并无伤痕，无证据表明有自残倾向，因此验尸官判定死因是“悲惨的意外”。', 'uploads/20180907174235_378.jpg', '<p style=\"margin-top: 0px; margin-bottom: 0px; padding: 0px 0px 10px; text-indent: 2em; color: rgb(82, 82, 82); font-family: &quot;microsoft yahei&quot;; white-space: normal; background-color: rgb(255, 255, 255);\"><strong>原标题：意外！<strong class=\"kw\">小红莓死因公布</strong>：醉倒在浴缸内被淹死</strong></p><p style=\"margin-top: 0px; margin-bottom: 0px; padding: 0px 0px 10px; text-indent: 2em; color: rgb(82, 82, 82); font-family: &quot;microsoft yahei&quot;; white-space: normal; background-color: rgb(255, 255, 255);\">据英媒，小红莓乐队主唱桃乐丝的验尸报告6日出炉，证实她是因喝酒过量，醉倒在浴缸内被淹死，其身上并无伤痕，无证据表明有自残倾向，因此验尸官判定死因是“悲惨的意外”。</p><p class=\"f_center pcenter\" style=\"margin-top: 0px; margin-bottom: 0px; padding: 0px 0px 10px; text-align: center; color: rgb(82, 82, 82); font-family: &quot;microsoft yahei&quot;; white-space: normal; background-color: rgb(255, 255, 255);\"><img src=\"https://img1.utuku.china.com/650x0/ent/20180907/1160145a-fba3-4278-941c-a0e27b4dbc2c.jpg\" alt=\"小红莓主唱死因公布 因喝酒过量醉倒浴缸内被淹死\" width=\"680\" height=\"340\" style=\"border: 0px; vertical-align: middle;\"/></p><p class=\"f_center pcenter\" style=\"margin-top: 0px; margin-bottom: 0px; padding: 0px 0px 10px; text-align: center; color: rgb(82, 82, 82); font-family: &quot;microsoft yahei&quot;; white-space: normal; background-color: rgb(255, 255, 255);\">资料图 新华社</p><p style=\"margin-top: 0px; margin-bottom: 0px; padding: 0px 0px 10px; text-indent: 2em; color: rgb(82, 82, 82); font-family: &quot;microsoft yahei&quot;; white-space: normal; background-color: rgb(255, 255, 255);\">本次调查结果公布日期今天正好是Dolores O&#39;Riordan 47岁冥诞之日。</p><p style=\"margin-top: 0px; margin-bottom: 0px; padding: 0px 0px 10px; text-indent: 2em; color: rgb(82, 82, 82); font-family: &quot;microsoft yahei&quot;; white-space: normal; background-color: rgb(255, 255, 255);\">而今天，乐队也公开发文缅怀她：</p><p style=\"margin-top: 0px; margin-bottom: 0px; padding: 0px 0px 10px; text-indent: 2em; color: rgb(82, 82, 82); font-family: &quot;microsoft yahei&quot;; white-space: normal; background-color: rgb(255, 255, 255);\">在2018年1月15日，我们失去了挚友也是乐队成员Dolores O&#39;Riordan，直到今天我们仍不敢相信眼前发生的一切。</p><p style=\"margin-top: 0px; margin-bottom: 0px; padding: 0px 0px 10px; text-indent: 2em; color: rgb(82, 82, 82); font-family: &quot;microsoft yahei&quot;; white-space: normal; background-color: rgb(255, 255, 255);\">我们向Dolores的孩子和家人表示衷心的哀悼，今天我们的心与他们同在。</p><p style=\"margin-top: 0px; margin-bottom: 0px; padding: 0px 0px 10px; text-indent: 2em; color: rgb(82, 82, 82); font-family: &quot;microsoft yahei&quot;; white-space: normal; background-color: rgb(255, 255, 255);\">Dolores将永远活在她的音乐中。看看她对人们的生活带来多大的积极的影响于我们是极大的安慰。我们要对所有的粉丝道谢，感谢他们在这段困难的时期给予的关怀和支持。</p><p style=\"margin-top: 0px; margin-bottom: 0px; padding: 0px 0px 10px; text-indent: 2em; color: rgb(82, 82, 82); font-family: &quot;microsoft yahei&quot;; white-space: normal; background-color: rgb(255, 255, 255);\">我们请求大家请在此刻尊重我们的隐私不被打扰。</p><p style=\"margin-top: 0px; margin-bottom: 0px; padding: 0px 0px 10px; text-indent: 2em; color: rgb(82, 82, 82); font-family: &quot;microsoft yahei&quot;; white-space: normal; background-color: rgb(255, 255, 255);\"><strong>此前报道</strong></p><p style=\"margin-top: 0px; margin-bottom: 0px; padding: 0px 0px 10px; text-indent: 2em; color: rgb(82, 82, 82); font-family: &quot;microsoft yahei&quot;; white-space: normal; background-color: rgb(255, 255, 255);\"><strong>小红莓乐队主唱桃乐丝去世 《重庆森林》中王菲曾翻唱其名曲</strong></p><p style=\"margin-top: 0px; margin-bottom: 0px; padding: 0px 0px 10px; text-indent: 2em; color: rgb(82, 82, 82); font-family: &quot;microsoft yahei&quot;; white-space: normal; background-color: rgb(255, 255, 255);\">据多家媒体确认，当地时间15日，小红莓乐队主唱桃乐丝(Dolores O‘Riordan)在伦敦去世，年仅46岁。</p><p class=\"f_center pcenter\" style=\"margin-top: 0px; margin-bottom: 0px; padding: 0px 0px 10px; text-align: center; color: rgb(82, 82, 82); font-family: &quot;microsoft yahei&quot;; white-space: normal; background-color: rgb(255, 255, 255);\"><img src=\"https://img3.utuku.china.com/650x0/ent/20180907/8a6e84b2-9bcc-41aa-a70d-e645baabec86.jpg\" alt=\"小红莓主唱死因公布 因喝酒过量醉倒浴缸内被淹死\" width=\"680\" height=\"453\" style=\"border: 0px; vertical-align: middle;\"/></p><p class=\"f_center pcenter\" style=\"margin-top: 0px; margin-bottom: 0px; padding: 0px 0px 10px; text-align: center; color: rgb(82, 82, 82); font-family: &quot;microsoft yahei&quot;; white-space: normal; background-color: rgb(255, 255, 255);\">2011年小红莓乐队来京演出现场 方非 摄</p><p style=\"margin-top: 0px; margin-bottom: 0px; padding: 0px 0px 10px; text-indent: 2em; color: rgb(82, 82, 82); font-family: &quot;microsoft yahei&quot;; white-space: normal; background-color: rgb(255, 255, 255);\">目前，桃乐丝的具体去世原因不明。她的宣传人员证实，桃乐丝去世于伦敦一家酒店，并表示：“桃乐丝的家人在得知这一消息后悲痛万分，他们希望在当下这段艰难的时期，公众能给予他们在隐私方面的尊重，目前不会透露关于桃乐丝去世原因的更多信息。”</p><p style=\"margin-top: 0px; margin-bottom: 0px; padding: 0px 0px 10px; text-indent: 2em; color: rgb(82, 82, 82); font-family: &quot;microsoft yahei&quot;; white-space: normal; background-color: rgb(255, 255, 255);\">桃乐丝是是小红莓乐队90年代最具代表性的女主唱，有一副天使般的嗓子，还有独特的咽音发声。她所在的小红莓乐队(又译为卡百利乐队)建立于1989年，与U2、恩雅(Enya)并称“爱尔兰国宝级艺人”，被视为爱尔兰历史上最伟大的另类摇滚乐队之一。桃乐丝和小红莓乐队的作品对于爱尔兰乃至世界音乐有深远影响，爱尔兰总统也发表声明悼念，称是“巨大的悲痛”。</p><p style=\"margin-top: 0px; margin-bottom: 0px; padding: 0px 0px 10px; text-indent: 2em; color: rgb(82, 82, 82); font-family: &quot;microsoft yahei&quot;; white-space: normal; background-color: rgb(255, 255, 255);\">一大批中国听众也是听着小红莓的歌成长起来，《Never Grow Old》《Dying in the Sun》《Ode to my Family》都非常熟悉。姚乐丝也影响了不少中国音乐人，王菲的《梦中人》就翻唱自小红莓的经典名曲《Dreams》，用于王家卫的电影《重庆森林》。</p><p style=\"margin-top: 0px; margin-bottom: 0px; padding: 0px 0px 10px; text-indent: 2em; color: rgb(82, 82, 82); font-family: &quot;microsoft yahei&quot;; white-space: normal; background-color: rgb(255, 255, 255);\">音乐人高晓松也发微博悼念。</p><p class=\"f_center pcenter\" style=\"margin-top: 0px; margin-bottom: 0px; padding: 0px 0px 10px; text-align: center; color: rgb(82, 82, 82); font-family: &quot;microsoft yahei&quot;; white-space: normal; background-color: rgb(255, 255, 255);\"><img src=\"https://img1.utuku.china.com/650x0/ent/20180907/6158d663-1678-4e86-9378-b364efab4b61.jpg\" alt=\"小红莓主唱死因公布 因喝酒过量醉倒浴缸内被淹死\" width=\"680\" height=\"272\" style=\"border: 0px; vertical-align: middle;\"/></p><p style=\"margin-top: 0px; margin-bottom: 0px; padding: 0px 0px 10px; text-indent: 2em; color: rgb(82, 82, 82); font-family: &quot;microsoft yahei&quot;; white-space: normal; background-color: rgb(255, 255, 255);\">小红莓乐队曾于2011年7月28日，在北京万事达中心举办演唱会。当时的桃乐丝身穿黑西装配喇叭裤的复古造型帅气十足，成为许多乐迷的记忆。</p><p class=\"f_center pcenter\" style=\"margin-top: 0px; margin-bottom: 0px; padding: 0px 0px 10px; text-align: center; color: rgb(82, 82, 82); font-family: &quot;microsoft yahei&quot;; white-space: normal; background-color: rgb(255, 255, 255);\"><img src=\"https://img0.utuku.china.com/650x0/ent/20180907/4fe8955b-1f76-4c06-a4e5-9a06fa0a8e12.jpg\" alt=\"小红莓主唱死因公布 因喝酒过量醉倒浴缸内被淹死\" width=\"680\" height=\"453\" style=\"border: 0px; vertical-align: middle;\"/></p><p class=\"f_center pcenter\" style=\"margin-top: 0px; margin-bottom: 0px; padding: 0px 0px 10px; text-align: center; color: rgb(82, 82, 82); font-family: &quot;microsoft yahei&quot;; white-space: normal; background-color: rgb(255, 255, 255);\"><img src=\"https://img2.utuku.china.com/481x0/ent/20180907/0214b0bf-0858-42c8-8967-291ee9ba631c.jpg\" alt=\"小红莓主唱死因公布 因喝酒过量醉倒浴缸内被淹死\" width=\"481\" height=\"680\" style=\"border: 0px; vertical-align: middle;\"/></p><p class=\"f_center pcenter\" style=\"margin-top: 0px; margin-bottom: 0px; padding: 0px 0px 10px; text-align: center; color: rgb(82, 82, 82); font-family: &quot;microsoft yahei&quot;; white-space: normal; background-color: rgb(255, 255, 255);\"><img src=\"https://img2.utuku.china.com/650x0/ent/20180907/c3a73693-1e1e-4f7e-bad3-41fdd636f4bd.jpg\" alt=\"小红莓主唱死因公布 因喝酒过量醉倒浴缸内被淹死\" width=\"680\" height=\"431\" style=\"border: 0px; vertical-align: middle;\"/></p><p class=\"f_center pcenter\" style=\"margin-top: 0px; margin-bottom: 0px; padding: 0px 0px 10px; text-align: center; color: rgb(82, 82, 82); font-family: &quot;microsoft yahei&quot;; white-space: normal; background-color: rgb(255, 255, 255);\">2011年小红莓乐队来京演出现场 方非 摄</p><p style=\"margin-top: 0px; margin-bottom: 0px; padding: 0px 0px 10px; text-indent: 2em; color: rgb(82, 82, 82); font-family: &quot;microsoft yahei&quot;; white-space: normal; background-color: rgb(255, 255, 255);\">原本2017年7月14日，小红莓在北京五棵松体育馆再举办演唱会，后因桃乐丝个人身体健康原因不得不取消。中国听众只能通过音乐与旧照片追忆这位音乐人。</p><p><br/></p>', '1536313377', '韩佟 CL1368', '0', '10');

-- ----------------------------
-- Table structure for blog_category
-- ----------------------------
DROP TABLE IF EXISTS `blog_category`;
CREATE TABLE `blog_category` (
  `cate_id` int(11) NOT NULL AUTO_INCREMENT COMMENT '//分类id',
  `cate_name` varchar(50) DEFAULT '' COMMENT '//分类名称',
  `cate_title` varchar(255) DEFAULT '' COMMENT '//分类说明',
  `cate_keywords` varchar(255) DEFAULT '' COMMENT '//关键字',
  `cate_description` varchar(255) DEFAULT '' COMMENT '//描述',
  `cate_view` int(11) DEFAULT '0' COMMENT '//点击次数',
  `cate_order` tinyint(4) DEFAULT '0' COMMENT '//排序',
  `cate_pid` int(11) DEFAULT '0' COMMENT '//父级id',
  PRIMARY KEY (`cate_id`)
) ENGINE=MyISAM AUTO_INCREMENT=20 DEFAULT CHARSET=utf8 COMMENT='//文章分类';

-- ----------------------------
-- Records of blog_category
-- ----------------------------
INSERT INTO `blog_category` VALUES ('1', '娱乐', '人人都有自己的娱乐圈', '娱乐', '娱乐_人人都有自己的娱乐圈', '0', '3', '0');
INSERT INTO `blog_category` VALUES ('2', '体育', '发展体育事业，增强国民体质', '体育', '体育_发展体育事业，增强国民体质', '0', '2', '0');
INSERT INTO `blog_category` VALUES ('3', '新闻', '收集国内最热门的新闻资讯', '新闻', '新闻_收集国内最热门的新闻资讯', '0', '1', '0');
INSERT INTO `blog_category` VALUES ('4', '热门新闻', '最新新闻事件_热点新闻_热点事件网', '热门新闻_新闻', '', '0', '1', '3');
INSERT INTO `blog_category` VALUES ('5', '军事新闻', '军事频道_最多军迷首选的军事门户_新浪网_新浪军事', '军事新闻_新闻', '', '0', '2', '3');
INSERT INTO `blog_category` VALUES ('6', '体育彩票', '国家体育总局体育彩票管理中心官方网站\r\n\r\n', '体育彩票_体育', '', '0', '3', '2');
INSERT INTO `blog_category` VALUES ('7', '腾讯体育', '腾讯体育_腾讯网', '腾讯体育_体育', '', '0', '2', '2');
INSERT INTO `blog_category` VALUES ('10', '娱乐风向标', '收集最热门的娱乐动向', '娱乐_娱乐圈_娱乐风向标', '收集最热门的娱乐动向', '0', '1', '1');
INSERT INTO `blog_category` VALUES ('11', '电竞娱乐', '收集最新的电竞动向', '电竞_娱乐', '电竞_娱乐_收集最新的电竞动向', '0', '2', '1');

-- ----------------------------
-- Table structure for blog_goods
-- ----------------------------
DROP TABLE IF EXISTS `blog_goods`;
CREATE TABLE `blog_goods` (
  `goods_id` int(11) NOT NULL AUTO_INCREMENT COMMENT '//商品ID',
  `goods_name` varchar(100) DEFAULT '' COMMENT '//商品名字',
  `goods_title` varchar(100) DEFAULT '' COMMENT '//商品简介',
  `goods_tag` varchar(255) DEFAULT '' COMMENT '//商品关键字',
  `goods_description` varchar(255) DEFAULT '' COMMENT '//商品描述',
  `goods_thumb` varchar(255) DEFAULT '' COMMENT '//商品缩略图',
  `goods_content` text COMMENT '//商品完整的说明信息',
  `goods_time` int(11) DEFAULT '0' COMMENT '//商品发布时间',
  `goods_view` int(11) DEFAULT NULL COMMENT '//商品点击数',
  `goods_cate_id` int(11) DEFAULT NULL COMMENT '//商品类别ID',
  PRIMARY KEY (`goods_id`)
) ENGINE=InnoDB AUTO_INCREMENT=7 DEFAULT CHARSET=utf8;

-- ----------------------------
-- Records of blog_goods
-- ----------------------------
INSERT INTO `blog_goods` VALUES ('1', '', '21321', '131', '313', '313', '<p>1321</p>', '1537517598', '0', '1');
INSERT INTO `blog_goods` VALUES ('2', '', '按时大大', '打算d', '暗示大as', '大叔大婶打算', '<p>&nbsp;大打算</p>', '1537519739', '0', '2');
INSERT INTO `blog_goods` VALUES ('3', '', 'dasdas', 'das', 'dasdas', 'dasda', '<p>dasdasda</p>', '1537519754', '0', '6');
INSERT INTO `blog_goods` VALUES ('4', '', 'asdas', 'dasdas', 'da', 'das', '<p>dadas</p>', '1537519765', '0', '2');
INSERT INTO `blog_goods` VALUES ('5', '', 'dsa', 'das', 'dasdas', 'dsadsa', '<p>dsadsa</p>', '1537519776', '0', '1');
INSERT INTO `blog_goods` VALUES ('6', '', '貂毛大衣', '毛衣 保暖 舒服', '毛衣 保暖 舒服', 'E:\\largon\\laragon\\www\\laravel-blog/uploads/20180921175841_223.jpg', '<p>毛衣 保暖 舒服</p>', '1537523954', null, '1');

-- ----------------------------
-- Table structure for blog_goodscate
-- ----------------------------
DROP TABLE IF EXISTS `blog_goodscate`;
CREATE TABLE `blog_goodscate` (
  `gcate_id` int(11) NOT NULL AUTO_INCREMENT COMMENT '//商品类别ID',
  `gcate_name` varchar(100) DEFAULT '' COMMENT '//商品类别名字',
  `gcate_title` varchar(255) DEFAULT '' COMMENT '//商品类别说明',
  `gcate_keywords` varchar(255) DEFAULT '' COMMENT '//商品类别关键字',
  `gcate_description` varchar(255) DEFAULT '' COMMENT '//商品类别描述',
  `gcate_view` int(11) DEFAULT '0' COMMENT '//商品类别点击数',
  PRIMARY KEY (`gcate_id`)
) ENGINE=InnoDB AUTO_INCREMENT=7 DEFAULT CHARSET=utf8;

-- ----------------------------
-- Records of blog_goodscate
-- ----------------------------
INSERT INTO `blog_goodscate` VALUES ('1', '衣服', '短袖、外套、短裤、长裤、牛仔裤、裙子', null, null, '0');
INSERT INTO `blog_goodscate` VALUES ('2', '鞋子', '拖鞋、布鞋、休闲鞋、高跟鞋', null, null, '0');
INSERT INTO `blog_goodscate` VALUES ('3', '玩具', '积木、游戏机、人偶、布娃娃', null, null, '0');
INSERT INTO `blog_goodscate` VALUES ('4', '家具', '桌子、凳子、衣柜、床', null, null, '0');
INSERT INTO `blog_goodscate` VALUES ('6', '手表', '腕表、机械表、学生表、防水表', null, null, '0');

-- ----------------------------
-- Table structure for blog_links
-- ----------------------------
DROP TABLE IF EXISTS `blog_links`;
CREATE TABLE `blog_links` (
  `link_id` int(10) unsigned NOT NULL AUTO_INCREMENT,
  `link_name` varchar(255) COLLATE utf8mb4_unicode_ci NOT NULL DEFAULT '' COMMENT '//名称',
  `link_title` varchar(255) COLLATE utf8mb4_unicode_ci NOT NULL DEFAULT '' COMMENT '//标题',
  `link_url` varchar(255) COLLATE utf8mb4_unicode_ci NOT NULL DEFAULT '' COMMENT '//链接',
  `link_order` int(11) NOT NULL DEFAULT '0' COMMENT '//排序',
  PRIMARY KEY (`link_id`)
) ENGINE=MyISAM AUTO_INCREMENT=7 DEFAULT CHARSET=utf8mb4 COLLATE=utf8mb4_unicode_ci;

-- ----------------------------
-- Records of blog_links
-- ----------------------------
INSERT INTO `blog_links` VALUES ('1', 'yangger.cn', 'cynb', 'yangger.cn', '1');
INSERT INTO `blog_links` VALUES ('2', 'Laravel学院', '致力于提供优质的laravel中文学习资源', 'http://laravelacademy.org/', '3');
INSERT INTO `blog_links` VALUES ('3', '百度', 'baidu', 'baidu.com', '2');

-- ----------------------------
-- Table structure for blog_migrations
-- ----------------------------
DROP TABLE IF EXISTS `blog_migrations`;
CREATE TABLE `blog_migrations` (
  `id` int(10) unsigned NOT NULL AUTO_INCREMENT,
  `migration` varchar(255) COLLATE utf8mb4_unicode_ci NOT NULL,
  `batch` int(11) NOT NULL,
  PRIMARY KEY (`id`)
) ENGINE=MyISAM AUTO_INCREMENT=3 DEFAULT CHARSET=utf8mb4 COLLATE=utf8mb4_unicode_ci;

-- ----------------------------
-- Records of blog_migrations
-- ----------------------------
INSERT INTO `blog_migrations` VALUES ('2', '2018_09_05_103806_create_links_table', '1');

-- ----------------------------
-- Table structure for blog_user
-- ----------------------------
DROP TABLE IF EXISTS `blog_user`;
CREATE TABLE `blog_user` (
  `user_id` int(11) NOT NULL AUTO_INCREMENT,
  `user_name` varchar(50) DEFAULT '' COMMENT '//用户名',
  `user_pass` varchar(255) DEFAULT '' COMMENT '密码',
  PRIMARY KEY (`user_id`)
) ENGINE=MyISAM AUTO_INCREMENT=2 DEFAULT CHARSET=utf8 COMMENT='//管理员账号';

-- ----------------------------
-- Records of blog_user
-- ----------------------------
INSERT INTO `blog_user` VALUES ('1', 'admin', 'eyJpdiI6IjlyY1p6K04xRlBveXJsc2RhTFh2VHc9PSIsInZhbHVlIjoiclwvYlpNKzIzNUEwNEppRU9cL2pWQ2dRPT0iLCJtYWMiOiIzYjZiNmJjY2E5MGIwNGMxNjAxMzg2M2E1YWIxZmE5YWU5NThiODkwMTU0N2M0ZGVlYTk2ZjNjMDg0M2FjYjdkIn0=');
