/*
Navicat MySQL Data Transfer

Source Server         : localhost_3306
Source Server Version : 50719
Source Host           : localhost:3306
Source Database       : laravel-blog

Target Server Type    : MYSQL
Target Server Version : 50719
File Encoding         : 65001

Date: 2018-10-13 17:57:14
*/

SET FOREIGN_KEY_CHECKS=0;

-- ----------------------------
-- Table structure for blog_article
-- ----------------------------
DROP TABLE IF EXISTS `blog_article`;
CREATE TABLE `blog_article` (
  `art_id` int(11) NOT NULL AUTO_INCREMENT,
  `art_title` varchar(100) DEFAULT '' COMMENT '//标题',
  `art_tag` varchar(100) DEFAULT '' COMMENT '//关键词',
  `art_description` varchar(255) DEFAULT '' COMMENT '//描述',
  `art_thumb` varchar(255) DEFAULT '' COMMENT '//缩略图',
  `art_content` text COMMENT '//内容',
  `art_time` int(11) DEFAULT '0' COMMENT '//发布时间',
  `art_editor` varchar(50) DEFAULT '' COMMENT '//发布作者',
  `art_view` int(11) DEFAULT '0' COMMENT '//浏览次数',
  `cate_id` int(11) DEFAULT '0' COMMENT '//分类id',
  PRIMARY KEY (`art_id`)
) ENGINE=MyISAM AUTO_INCREMENT=17 DEFAULT CHARSET=utf8 COMMENT='//文章';

-- ----------------------------
-- Records of blog_article
-- ----------------------------
INSERT INTO `blog_article` VALUES ('1', '男子被判刑9年零8个月 当庭\"叫板\"请判10年凑个整', '法律_判刑', '六盘水市中级人民法院刑事审判庭主审法官来到盘州法院，当庭宣判了盘州市首起涉恶团伙案。9名现年18至30岁的当地青年，因2017年连续8次持凶器在当地与他人械斗被捕。在当天的二审裁定宣判中，被告李某房竟当庭提出：“法官，我请求判我十年！', 'uploads/20180907172427_977.jpg', '<p style=\"margin-top: 0px; margin-bottom: 25px; padding: 0px; text-indent: 28px; font-size: 14px; text-align: justify; word-wrap: break-word; word-break: normal; color: rgb(43, 43, 43); font-family: simsun, arial, helvetica, clean, sans-serif; white-space: normal; background-color: rgb(255, 255, 255);\">原标题：盘州市首例涉恶团伙案终审判决，一名被告竟当庭“叫板”—— 9年8个月太短，干脆判我10年</p><p style=\"margin-top: 0px; margin-bottom: 25px; padding: 0px; text-indent: 28px; font-size: 14px; text-align: center; word-wrap: break-word; word-break: normal; color: rgb(43, 43, 43); font-family: simsun, arial, helvetica, clean, sans-serif; white-space: normal; background-color: rgb(255, 255, 255);\"><img src=\"/ueditor/php/upload/image/20180907/1536312296109027.jpg\" alt=\"\" style=\"border: 0px; vertical-align: bottom; display: block; margin: 0px auto; max-width: 100%; height: auto;\"/><img src=\"/ueditor/php/upload/image/20180907/1536312296224238.jpg\" alt=\"\" style=\"border: 0px; vertical-align: bottom; display: block; margin: 0px auto; max-width: 100%; height: auto; text-indent: 2em;\"/><img src=\"/ueditor/php/upload/image/20180907/1536312296876981.jpg\" alt=\"\" style=\"border: 0px; vertical-align: bottom; display: block; margin: 0px auto; max-width: 100%; height: auto; text-indent: 2em;\"/></p><p style=\"margin-top: 0px; margin-bottom: 25px; padding: 0px; text-indent: 28px; font-size: 14px; text-align: center; word-wrap: break-word; word-break: normal; color: rgb(43, 43, 43); font-family: simsun, arial, helvetica, clean, sans-serif; white-space: normal; background-color: rgb(255, 255, 255);\">宣判现场。</p><p style=\"margin-top: 0px; margin-bottom: 25px; padding: 0px; text-indent: 28px; font-size: 14px; text-align: justify; word-wrap: break-word; word-break: normal; color: rgb(43, 43, 43); font-family: simsun, arial, helvetica, clean, sans-serif; white-space: normal; background-color: rgb(255, 255, 255);\">9月5日下午，六盘水市中级人民法院刑事审判庭主审法官来到盘州法院，当庭宣判了盘州市首起涉恶团伙案。9名现年18至30岁的当地青年，因2017年连续8次持凶器在当地与他人械斗被捕。在当天的二审裁定宣判中，被告李某房竟当庭提出：“法官，我请求判我十年！”</p><p style=\"margin-top: 0px; margin-bottom: 25px; padding: 0px; text-indent: 28px; font-size: 14px; text-align: justify; word-wrap: break-word; word-break: normal; color: rgb(43, 43, 43); font-family: simsun, arial, helvetica, clean, sans-serif; white-space: normal; background-color: rgb(255, 255, 255);\"><strong>涉恶团伙，1年犯案8次</strong></p><p style=\"margin-top: 0px; margin-bottom: 25px; padding: 0px; text-indent: 28px; font-size: 14px; text-align: justify; word-wrap: break-word; word-break: normal; color: rgb(43, 43, 43); font-family: simsun, arial, helvetica, clean, sans-serif; white-space: normal; background-color: rgb(255, 255, 255);\">据了解，这是盘州市首起恶势力犯罪团伙案公开宣判，9名犯罪嫌疑人全部是盘州当地青年，仅2017年就作案8起，其中故意伤害2次、聚众斗殴3次、寻衅滋事3次。李某运为团伙首要分子，李某房、屠某行、程某某、翟某平、卢某、王某涛(另案处理)为主要成员，以刘某荣、代某以及另案处理的其余7人为临时成员，他们造成多人不同程度受伤，多人财产受损，严重影响当地社会治安秩序，造成恶劣的社会影响。</p><p style=\"margin-top: 0px; margin-bottom: 25px; padding: 0px; text-indent: 28px; font-size: 14px; text-align: justify; word-wrap: break-word; word-break: normal; color: rgb(43, 43, 43); font-family: simsun, arial, helvetica, clean, sans-serif; white-space: normal; background-color: rgb(255, 255, 255);\">当天公开宣判时，在列的还有一名女被告人——现年43岁的李某梅。2017年2月，她以焦某经常骚扰自己为由，出资找人邀约李某房等人教训焦某。同年2月16日，上述人等驾车到盘州市石桥镇佳竹箐煤矿门口，对焦某进行殴打，致焦某重伤。</p><p style=\"margin-top: 0px; margin-bottom: 25px; padding: 0px; text-indent: 28px; font-size: 14px; text-align: justify; word-wrap: break-word; word-break: normal; color: rgb(43, 43, 43); font-family: simsun, arial, helvetica, clean, sans-serif; white-space: normal; background-color: rgb(255, 255, 255);\"><strong>无故生事，一言不合就械斗</strong></p><p style=\"margin-top: 0px; margin-bottom: 25px; padding: 0px; text-indent: 28px; font-size: 14px; text-align: justify; word-wrap: break-word; word-break: normal; color: rgb(43, 43, 43); font-family: simsun, arial, helvetica, clean, sans-serif; white-space: normal; background-color: rgb(255, 255, 255);\">除上述被雇佣行凶事件外，2017年2月和5月，上述被告人接到电话邀约持刀前往参与打斗，最终追砍受害人致其轻伤二级。</p><p style=\"margin-top: 0px; margin-bottom: 25px; padding: 0px; text-indent: 28px; font-size: 14px; text-align: justify; word-wrap: break-word; word-break: normal; color: rgb(43, 43, 43); font-family: simsun, arial, helvetica, clean, sans-serif; white-space: normal; background-color: rgb(255, 255, 255);\">同年2月6日凌晨，因在烤鱼店嫌邻桌“声音有点大”为由随意殴打客人；</p><p style=\"margin-top: 0px; margin-bottom: 25px; padding: 0px; text-indent: 28px; font-size: 14px; text-align: justify; word-wrap: break-word; word-break: normal; color: rgb(43, 43, 43); font-family: simsun, arial, helvetica, clean, sans-serif; white-space: normal; background-color: rgb(255, 255, 255);\">同年4月19日凌晨，酒后无故打砸路边商铺卷帘门及路边车辆；</p><p style=\"margin-top: 0px; margin-bottom: 25px; padding: 0px; text-indent: 28px; font-size: 14px; text-align: justify; word-wrap: break-word; word-break: normal; color: rgb(43, 43, 43); font-family: simsun, arial, helvetica, clean, sans-serif; white-space: normal; background-color: rgb(255, 255, 255);\">同年5月的一天，接受刘某(另案处理)安排借故生事，持凶器到一驾校建筑工地上堵工，影响施工秩序。</p><p style=\"margin-top: 0px; margin-bottom: 25px; padding: 0px; text-indent: 28px; font-size: 14px; text-align: justify; word-wrap: break-word; word-break: normal; color: rgb(43, 43, 43); font-family: simsun, arial, helvetica, clean, sans-serif; white-space: normal; background-color: rgb(255, 255, 255);\">此外，2017年3月9日，被告人刘某荣、程某某共谋前往红果大酒店偷走三部手机。</p><p style=\"margin-top: 0px; margin-bottom: 25px; padding: 0px; text-indent: 28px; font-size: 14px; text-align: justify; word-wrap: break-word; word-break: normal; color: rgb(43, 43, 43); font-family: simsun, arial, helvetica, clean, sans-serif; white-space: normal; background-color: rgb(255, 255, 255);\">一审法院依据《刑法》相关规定，以上述被告人犯聚众斗殴罪、故意伤害罪、寻衅滋事等罪名，判处上述被告人有期徒刑2年4个月至9年8个月。被告人李某梅因故意伤害罪判处有期徒刑2年，缓刑2年。</p><p style=\"margin-top: 0px; margin-bottom: 25px; padding: 0px; text-indent: 28px; font-size: 14px; text-align: justify; word-wrap: break-word; word-break: normal; color: rgb(43, 43, 43); font-family: simsun, arial, helvetica, clean, sans-serif; white-space: normal; background-color: rgb(255, 255, 255);\"><strong>认为一审量刑过重，9被告上诉</strong></p><p style=\"margin-top: 0px; margin-bottom: 25px; padding: 0px; text-indent: 28px; font-size: 14px; text-align: justify; word-wrap: break-word; word-break: normal; color: rgb(43, 43, 43); font-family: simsun, arial, helvetica, clean, sans-serif; white-space: normal; background-color: rgb(255, 255, 255);\">一审判决后，9名被告以量刑过重为由提起上诉。</p><p style=\"margin-top: 0px; margin-bottom: 25px; padding: 0px; text-indent: 28px; font-size: 14px; text-align: justify; word-wrap: break-word; word-break: normal; color: rgb(43, 43, 43); font-family: simsun, arial, helvetica, clean, sans-serif; white-space: normal; background-color: rgb(255, 255, 255);\">六盘水市中级人民法院受理后认定，原审判决认定事实和适用法律正确、量刑适当，审判程序合法。依照《民法》、《刑法》及最高法院相关司法解释之规定，决定驳回上诉，维持原判。当日所宣判裁定为终审裁定。</p><p style=\"margin-top: 0px; margin-bottom: 25px; padding: 0px; text-indent: 28px; font-size: 14px; text-align: justify; word-wrap: break-word; word-break: normal; color: rgb(43, 43, 43); font-family: simsun, arial, helvetica, clean, sans-serif; white-space: normal; background-color: rgb(255, 255, 255);\">当庭宣判后，原本上诉理由为“量刑过重”的李某房竟然当庭表达异议:“法官，我认为9年8个月太短了，你干脆判我10年好了，凑个整。”这一请求令法官哭笑不得，说：“下次吧，下次我成全你。”有网友则调侃称：这大哥可能是个处女座，有“强迫症”。</p>', '1536312800', '贵州都市报', '30', '3');
INSERT INTO `blog_article` VALUES ('2', '个税改革民众受益多少？专项扣除引发广泛讨论', '民众_税收', '基本减除费用标准并非此次个税改革的核心，如何通过优化税率标准，改革个税模式，更好地体现公平，才是改革的重点所在', 'uploads/20180907172309_818.jpeg', '<p style=\"margin-top: 0px; margin-bottom: 0px; padding: 12px 0px; outline: 0px; text-indent: 2em; font-size: 18px; line-height: 32px; color: rgb(51, 51, 51); font-family: 微软雅黑, &quot;Microsoft YaHei&quot;, arial, sans-serif; white-space: normal; background-color: rgb(255, 255, 255);\">个税改革：民众受益多少？</p><p style=\"margin-top: 0px; margin-bottom: 0px; padding: 12px 0px; outline: 0px; text-indent: 2em; font-size: 18px; line-height: 32px; color: rgb(51, 51, 51); font-family: 微软雅黑, &quot;Microsoft YaHei&quot;, arial, sans-serif; white-space: normal; background-color: rgb(255, 255, 255);\">基本减除费用标准并非此次个税改革的核心，如何通过优化税率标准，改革个税模式，更好地体现公平，才是改革的重点所在</p><p style=\"margin-top: 0px; margin-bottom: 0px; padding: 12px 0px; outline: 0px; text-indent: 2em; font-size: 18px; line-height: 32px; color: rgb(51, 51, 51); font-family: 微软雅黑, &quot;Microsoft YaHei&quot;, arial, sans-serif; white-space: normal; background-color: rgb(255, 255, 255);\">中国新闻周刊记者/贺斌</p><p style=\"margin-top: 0px; margin-bottom: 0px; padding: 12px 0px; outline: 0px; text-indent: 2em; font-size: 18px; line-height: 32px; color: rgb(51, 51, 51); font-family: 微软雅黑, &quot;Microsoft YaHei&quot;, arial, sans-serif; white-space: normal; background-color: rgb(255, 255, 255);\">人民币资料图 中新网记者 金硕 摄</p><p style=\"margin-top: 0px; margin-bottom: 0px; padding: 12px 0px; outline: 0px; text-indent: 2em; font-size: 18px; line-height: 32px; color: rgb(51, 51, 51); font-family: 微软雅黑, &quot;Microsoft YaHei&quot;, arial, sans-serif; white-space: normal; background-color: rgb(255, 255, 255);\">个人所得税法第7次修订尘埃落定。</p><p style=\"margin-top: 0px; margin-bottom: 0px; padding: 12px 0px; outline: 0px; text-indent: 2em; font-size: 18px; line-height: 32px; color: rgb(51, 51, 51); font-family: 微软雅黑, &quot;Microsoft YaHei&quot;, arial, sans-serif; white-space: normal; background-color: rgb(255, 255, 255);\">8月31日，第十三届全国人大常委会第五次会议以157票赞成，2票反对，11票弃权，表决通过了关于修改个人所得税法的决定。</p><p style=\"margin-top: 0px; margin-bottom: 0px; padding: 12px 0px; outline: 0px; text-indent: 2em; font-size: 18px; line-height: 32px; color: rgb(51, 51, 51); font-family: 微软雅黑, &quot;Microsoft YaHei&quot;, arial, sans-serif; white-space: normal; background-color: rgb(255, 255, 255);\">这是1980年个人所得税法出台以来第7次大修，被舆论称为是一次根本性变革。自此，中国个人所得税告别此前按月征收、按次征收的方式，明年将采取综合征收模式。</p><p style=\"margin-top: 0px; margin-bottom: 0px; padding: 12px 0px; outline: 0px; text-indent: 2em; font-size: 18px; line-height: 32px; color: rgb(51, 51, 51); font-family: 微软雅黑, &quot;Microsoft YaHei&quot;, arial, sans-serif; white-space: normal; background-color: rgb(255, 255, 255);\">作为和民众息息相关的个人所得税法修正一个根本性突破是：首次将劳务报酬、稿酬、特许权使用费三项所得与工资、薪金所得合并计算纳税，实现了从分类税制向综合与分类相结合的个人所得税制的重大转变。同时，加大了减税力度，基本减除费用标准(俗称“起征点”)从3500元提高到5000元，虽然还是实行从3%到45%的7档超额累计税率，但扩大了3%、10%、20%三档低税率的级距。此外，在此前三险一金的专项扣除基础上，将子女教育、继续教育、大病医疗、住房贷款利息或者住房租金、赡养老人等六项支出设为专项附加扣除。</p><p style=\"margin-top: 0px; margin-bottom: 0px; padding: 12px 0px; outline: 0px; text-indent: 2em; font-size: 18px; line-height: 32px; color: rgb(51, 51, 51); font-family: 微软雅黑, &quot;Microsoft YaHei&quot;, arial, sans-serif; white-space: normal; background-color: rgb(255, 255, 255);\">尽管此次个人所得税法的修改在个税改革的进程中实现了巨大的跨越，但多位受访专家认为此次草案出台较为仓促，一些条款内容还比较粗放，还需要在未来的配套中加以细化。</p><p style=\"margin-top: 0px; margin-bottom: 0px; padding: 12px 0px; outline: 0px; text-indent: 2em; font-size: 18px; line-height: 32px; color: rgb(51, 51, 51); font-family: 微软雅黑, &quot;Microsoft YaHei&quot;, arial, sans-serif; white-space: normal; background-color: rgb(255, 255, 255);\">新通过的个人所得税法依旧延续一审时确定的起征点和税率结构，但在业内人士看来，专项附加扣除尽管提升了公平性，但也面临如何解决效率以及税制竞争力的难题，同时还要兼顾公平与效率。</p><p style=\"margin-top: 0px; margin-bottom: 0px; padding: 12px 0px; outline: 0px; text-indent: 2em; font-size: 18px; line-height: 32px; color: rgb(51, 51, 51); font-family: 微软雅黑, &quot;Microsoft YaHei&quot;, arial, sans-serif; white-space: normal; background-color: rgb(255, 255, 255);\">专项扣除引发广泛讨论</p><p style=\"margin-top: 0px; margin-bottom: 0px; padding: 12px 0px; outline: 0px; text-indent: 2em; font-size: 18px; line-height: 32px; color: rgb(51, 51, 51); font-family: 微软雅黑, &quot;Microsoft YaHei&quot;, arial, sans-serif; white-space: normal; background-color: rgb(255, 255, 255);\">2018年6月19日，个人所得税法修正案草案提交全国人大常委会会议审议，6月29日起在中国人大网公开征求意见。根据中国人大网站的数据，截至7月28日，共收到意见131207条，参与人数67291人。</p><p><br/></p>', '1536312800', '中国新闻网', '6', '3');
INSERT INTO `blog_article` VALUES ('5', '美国想用贸易战困住中国？这一领域的布局早已开始', '美国_贸易_中国', '美国想用贸易战困住中国？这一领域的布局早已开始;俄新社近日刊文称，美国液化天然气对华出口减少发生在两国贸易矛盾加剧的背景下，这可以理解。与路透社分享自己观点的交易者表示，现在中国正在全力寻找替代供应源。不在全球竞争者中，而是在邻国中物色是十分自然的。', 'uploads/20180907172959_940.jpg', '<p style=\"margin-top: 0px; margin-bottom: 30px; padding: 0px; text-size-adjust: 100%; color: rgb(77, 79, 83); font-family: &quot;Microsoft Yahei&quot;, 微软雅黑, &quot;STHeiti Light&quot;, 华文细黑, SimSun, 宋体, Arial, sans-serif; font-size: 18px; letter-spacing: 1px; white-space: normal;\">俄新社近日刊文称，美国液化天然气对华出口减少发生在两国贸易矛盾加剧的背景下，这可以理解。与路透社分享自己观点的交易者表示，现在中国正在全力寻找替代供应源。不在全球竞争者中，而是在邻国中物色是十分自然的。&nbsp; &nbsp; &nbsp;</p><p style=\"margin-top: 0px; margin-bottom: 30px; padding: 0px; text-size-adjust: 100%; color: rgb(77, 79, 83); font-family: &quot;Microsoft Yahei&quot;, 微软雅黑, &quot;STHeiti Light&quot;, 华文细黑, SimSun, 宋体, Arial, sans-serif; font-size: 18px; letter-spacing: 1px; white-space: normal;\">　　文章称，中国海关总署近日发布数据显示，2018年前7个月俄中贸易额增长25.8%，目前已达到583.5亿美元。&nbsp;</p><p style=\"margin-top: 0px; margin-bottom: 30px; padding: 0px; text-size-adjust: 100%; color: rgb(77, 79, 83); font-family: &quot;Microsoft Yahei&quot;, 微软雅黑, &quot;STHeiti Light&quot;, 华文细黑, SimSun, 宋体, Arial, sans-serif; font-size: 18px; letter-spacing: 1px; white-space: normal;\">　　文章称，尤其值得注意的是，中国的官员和专家一直关注“贸易平衡”，非常赞许地看着俄中贸易额增长。&nbsp;</p><p><img src=\"/ueditor/php/upload/image/20180907/1536312631837699.jpg\" alt=\"\" style=\"border: 0px; vertical-align: middle; display: block; margin: 0px auto; max-width: 640px;\"/><span class=\"img_descr\" style=\"line-height: 20px; padding: 6px 0px; font-size: 16px; margin: 5px auto; display: inline-block; zoom: 1; text-align: left; font-weight: 700;\"></span></p><p style=\"margin-top: 0px; margin-bottom: 30px; padding: 0px; text-size-adjust: 100%; color: rgb(77, 79, 83); font-family: &quot;Microsoft Yahei&quot;, 微软雅黑, &quot;STHeiti Light&quot;, 华文细黑, SimSun, 宋体, Arial, sans-serif; font-size: 18px; letter-spacing: 1px; white-space: normal;\">　　文章称，中国对俄出口额仅在同期就增长了16.6%并达到269亿美元。中国自俄进口额则猛增34.9%——达到314.5亿美元。从全球市场的角度看来，这似乎相当奇怪。</p><p style=\"margin-top: 0px; margin-bottom: 30px; padding: 0px; text-size-adjust: 100%; color: rgb(77, 79, 83); font-family: &quot;Microsoft Yahei&quot;, 微软雅黑, &quot;STHeiti Light&quot;, 华文细黑, SimSun, 宋体, Arial, sans-serif; font-size: 18px; letter-spacing: 1px; white-space: normal;\">　　文章称，从变化的规模开始讲。2016年俄中贸易额相对俄GDP增速而言增长2.2%，达到695.2亿美元。2017年这一指标“飞跃式”增长20.8%，达840.7亿美元。当然，这比不了美中的近6000亿美元贸易额，但已经是非常有意义的数字。&nbsp;</p><p style=\"margin-top: 0px; margin-bottom: 30px; padding: 0px; text-size-adjust: 100%; color: rgb(77, 79, 83); font-family: &quot;Microsoft Yahei&quot;, 微软雅黑, &quot;STHeiti Light&quot;, 华文细黑, SimSun, 宋体, Arial, sans-serif; font-size: 18px; letter-spacing: 1px; white-space: normal;\">　　文章称，对俄中来说都算得上最大型战略项目的“西伯利亚力量”、北方航道和经过哈萨克斯坦的高速运输走廊还未启动。“基础的”跨欧亚铁路走廊（跨西伯利亚干线和贝阿干线）同样才刚开始拆轨道。&nbsp;</p><p style=\"margin-top: 0px; margin-bottom: 30px; padding: 0px; text-size-adjust: 100%; color: rgb(77, 79, 83); font-family: &quot;Microsoft Yahei&quot;, 微软雅黑, &quot;STHeiti Light&quot;, 华文细黑, SimSun, 宋体, Arial, sans-serif; font-size: 18px; letter-spacing: 1px; white-space: normal;\">　　文章称，与此同时，路透社援引船运数据显示，今年7月美国出口到中国的液化天然气降至2018年以来最低，仅有13万吨。</p><p><img src=\"/ueditor/php/upload/image/20180907/1536312631488040.jpg\" alt=\"▲液化天然气运输船（路透社）\" style=\"border: 0px; vertical-align: middle; display: block; margin: 0px auto; max-width: 640px;\"/><span class=\"img_descr\" style=\"line-height: 20px; padding: 6px 0px; font-size: 16px; margin: 5px auto; display: inline-block; zoom: 1; text-align: left; font-weight: 700;\">▲液化天然气运输船（路透社）</span></p><p style=\"margin-top: 0px; margin-bottom: 30px; padding: 0px; text-size-adjust: 100%; color: rgb(77, 79, 83); font-family: &quot;Microsoft Yahei&quot;, 微软雅黑, &quot;STHeiti Light&quot;, 华文细黑, SimSun, 宋体, Arial, sans-serif; font-size: 18px; letter-spacing: 1px; white-space: normal;\">　　文章称，然而近几个月来自澳大利亚、马来西亚、印尼、俄罗斯和巴布亚新几内亚的供应增加。但其中占比最大的是俄罗斯。&nbsp;</p><p style=\"margin-top: 0px; margin-bottom: 30px; padding: 0px; text-size-adjust: 100%; color: rgb(77, 79, 83); font-family: &quot;Microsoft Yahei&quot;, 微软雅黑, &quot;STHeiti Light&quot;, 华文细黑, SimSun, 宋体, Arial, sans-serif; font-size: 18px; letter-spacing: 1px; white-space: normal;\">　　文章认为，总体上美国液化天然气对华出口减少发生在两国贸易矛盾加剧的背景下，这可以理解。</p><p style=\"margin-top: 0px; margin-bottom: 30px; padding: 0px; text-size-adjust: 100%; color: rgb(77, 79, 83); font-family: &quot;Microsoft Yahei&quot;, 微软雅黑, &quot;STHeiti Light&quot;, 华文细黑, SimSun, 宋体, Arial, sans-serif; font-size: 18px; letter-spacing: 1px; white-space: normal;\">　　文章称，与路透社分享自己观点的交易者表示，现在中国正在全力寻找替代供应源。不在全球竞争者中，而是在邻国中物色是十分自然的。&nbsp;</p><p style=\"margin-top: 0px; margin-bottom: 30px; padding: 0px; text-size-adjust: 100%; color: rgb(77, 79, 83); font-family: &quot;Microsoft Yahei&quot;, 微软雅黑, &quot;STHeiti Light&quot;, 华文细黑, SimSun, 宋体, Arial, sans-serif; font-size: 18px; letter-spacing: 1px; white-space: normal;\">　　文章称，但同样不止如此。让我们转向土耳其，那里传出了值得关注的新闻。土耳其能源和自然资源部部长法提赫·登梅兹称，除锡诺普核电站和阿库尤核电站外，土耳其计划在国家西北部落实第三个核电站的建设项目。将建设核电站的不是俄罗斯人，而是中国人。&nbsp;</p><p><img src=\"/ueditor/php/upload/image/20180907/1536312631257947.jpg\" alt=\"▲在建的阿库尤核电站（德新社）\" style=\"border: 0px; vertical-align: middle; display: block; margin: 0px auto; max-width: 640px;\"/><span class=\"img_descr\" style=\"line-height: 20px; padding: 6px 0px; font-size: 16px; margin: 5px auto; display: inline-block; zoom: 1; text-align: left; font-weight: 700;\">▲在建的阿库尤核电站（德新社）</span></p><p><ins class=\"sinaads sinaads-done\" id=\"Sinads49447\" data-ad-pdps=\"PDPS000000044099\" data-ad-status=\"done\" style=\"display: block; overflow: hidden; text-decoration-line: none;\"><ins style=\"text-decoration-line: none; margin: 0px auto; width: 300px; display: block; position: relative; overflow: hidden;\"><br/></ins></ins></p><p style=\"margin-top: 0px; margin-bottom: 30px; padding: 0px; text-size-adjust: 100%; color: rgb(77, 79, 83); font-family: &quot;Microsoft Yahei&quot;, 微软雅黑, &quot;STHeiti Light&quot;, 华文细黑, SimSun, 宋体, Arial, sans-serif; font-size: 18px; letter-spacing: 1px; white-space: normal;\">　　文章称，在落实俄罗斯的阿库尤核电站项目和中国的色雷斯核电站项目的情况下，以及考虑到通过土耳其天然气管道和“蓝色溪流”供气，土耳其几乎完全变为所谓的欧亚能源平台。&nbsp; &nbsp; &nbsp;</p><p style=\"margin-top: 0px; margin-bottom: 30px; padding: 0px; text-size-adjust: 100%; color: rgb(77, 79, 83); font-family: &quot;Microsoft Yahei&quot;, 微软雅黑, &quot;STHeiti Light&quot;, 华文细黑, SimSun, 宋体, Arial, sans-serif; font-size: 18px; letter-spacing: 1px; white-space: normal;\">　　文章认为，这只是全球经济的系统性地区化。现任美国总统特朗普和他的政策不过是催化剂。实际上，俄中在这方面与其说“形成趋势”，不如说跟随十分自然的全球化进程。</p><p class=\"article-editor\" style=\"margin-top: 0px; margin-bottom: 30px; padding: 0px; text-size-adjust: 100%; color: rgb(77, 79, 83); font-family: &quot;Microsoft Yahei&quot;, 微软雅黑, &quot;STHeiti Light&quot;, 华文细黑, SimSun, 宋体, Arial, sans-serif; font-size: 18px; letter-spacing: 1px; white-space: normal;\">责任编辑：李彦丽</p><p><br/></p>', '1536312636', '新浪财经', '6', '4');
INSERT INTO `blog_article` VALUES ('6', '最强魔改米格-21在中国诞生 连亲妈都不认识', '飞机_中国军事', '9月5日上午，中航贵飞公司在安顺为首架FTC-2000G战斗机举行了隆重的总装交付仪式，标志着地表最强魔改米格-21就此诞生。要知道这架FTC-2000G的前机身刚在8月9日交付，结果贵飞在不到一个月的时间里就把整机组装出来了，再次彰显中国速度。', 'uploads/20180929183652_684.png', '<p style=\"margin-top: 0px; margin-bottom: 25px; padding: 0px; text-indent: 28px; font-size: 14px; text-align: justify; word-wrap: break-word; word-break: normal; color: rgb(43, 43, 43); font-family: simsun, arial, helvetica, clean, sans-serif; white-space: normal; background-color: rgb(255, 255, 255);\">9月5日上午，中航贵飞公司在安顺为首架FTC-2000G战斗机举行了隆重的总装交付仪式，标志着地表最强魔改米格-21就此诞生。要知道这架FTC-2000G的前机身刚在8月9日交付，结果贵飞在不到一个月的时间里就把整机组装出来了，再次彰显中国速度。</p><p class=\"detailPic\" style=\"margin: 0px auto; padding: 0px; text-indent: 28px; font-size: 14px; text-align: center; word-wrap: break-word; word-break: normal; color: rgb(43, 43, 43); font-family: simsun, arial, helvetica, clean, sans-serif; white-space: normal; background-color: rgb(255, 255, 255);\"></p><p style=\"margin-top: 0px; margin-bottom: 25px; padding: 0px; text-indent: 28px; font-size: 14px; text-align: justify; word-wrap: break-word; word-break: normal; color: rgb(43, 43, 43); font-family: simsun, arial, helvetica, clean, sans-serif; white-space: normal; background-color: rgb(255, 255, 255);\">FTC-2000G被定位于一种外贸型轻型战斗攻击机，为攻击为主，兼具战斗和教练功能。8月31日贵飞高调宣布FTC-2000G的中文名称为“神鹰”，既与该机的基准型号——教练-9“山鹰”相呼应，又被赋予“神奇之鹰”的寓意，期望能在国际市场上获得丰收。根据贵飞的计划，该机将在9月28日首飞，随后在今年11月的珠海航展上做首次国际亮相。</p><p style=\"margin-top: 0px; margin-bottom: 25px; padding: 0px; text-indent: 28px; font-size: 14px; text-align: justify; word-wrap: break-word; word-break: normal; color: rgb(43, 43, 43); font-family: simsun, arial, helvetica, clean, sans-serif; white-space: normal; background-color: rgb(255, 255, 255);\">FT-2000G被誉为地表最强魔改米格-21不是没有道理的，该机以“海山鹰”教练机为研制基础，集我国53年歼-7战斗机的生产与改进经验于一身，使该机从一种机头进气的二代早期型战斗机进化为机身两侧DSI进气口进气的准三代入门型战斗机。</p><p class=\"detailPic\" style=\"margin: 0px auto; padding: 0px; text-indent: 28px; font-size: 14px; text-align: center; word-wrap: break-word; word-break: normal; color: rgb(43, 43, 43); font-family: simsun, arial, helvetica, clean, sans-serif; white-space: normal; background-color: rgb(255, 255, 255);\"><img src=\"/ueditor/php/upload/image/20180907/1536312730235672.jpeg\" style=\"border: 0px; vertical-align: bottom; display: block; margin: 0px auto; max-width: 100%; height: auto;\"/></p><p style=\"margin-top: 0px; margin-bottom: 25px; padding: 0px; text-indent: 28px; font-size: 14px; text-align: justify; word-wrap: break-word; word-break: normal; color: rgb(43, 43, 43); font-family: simsun, arial, helvetica, clean, sans-serif; white-space: normal; background-color: rgb(255, 255, 255);\">FT-2000G的历史可以追溯到贵飞在1981年展开研制的歼教-7教练机。上世纪70年代末，我国空军鉴于歼教-5和歼教-6两种教练机在飞行速度和特性都已无法满足歼-7和歼-8的飞行员培训需求，于是决定以歼-7为基础研制新一代歼击教练机。1979年2月我国从埃及交换获得两架米格-21US双座教练机，贵飞的前身——贵州011基地参考该机开始了歼教-7的研制。当然歼教-7并不是对米格-21UC的简单仿制，仅参考该机的前后座舱和加大脊背结构对歼-7II进行的大改，因此与米格-21US存在很大不同，首先歼教-7的结构和机载设备都基于歼-7II，其次后机身下方不是单腹鳍而是大型双腹鳍，取消翼根30毫米机炮改为半埋式双管23mm机炮，机腹两块减速板改为机底一块减速板等。</p><p class=\"detailPic\" style=\"margin: 0px auto; padding: 0px; text-indent: 28px; font-size: 14px; text-align: center; word-wrap: break-word; word-break: normal; color: rgb(43, 43, 43); font-family: simsun, arial, helvetica, clean, sans-serif; white-space: normal; background-color: rgb(255, 255, 255);\"><img src=\"/ueditor/php/upload/image/20180907/1536312730129019.jpeg\" style=\"border: 0px; vertical-align: bottom; display: block; margin: 0px auto; max-width: 100%; height: auto;\"/></p><p style=\"margin-top: 0px; margin-bottom: 25px; padding: 0px; text-indent: 28px; font-size: 14px; text-align: justify; word-wrap: break-word; word-break: normal; color: rgb(43, 43, 43); font-family: simsun, arial, helvetica, clean, sans-serif; white-space: normal; background-color: rgb(255, 255, 255);\">歼教-7在1988年服役后填补了我国空军在高空高速教练机上的空白，满足了歼-7和歼-7战斗机飞行员培训的急迫需求。但该机在服役中也表现出低空机动性差、降落速度快、滑跑距离过长、后座飞行员视野差的缺点，甚至可以说不是一种合格的战斗机同型教练机，学员需要较长时间才能适应该机的特点。</p><p style=\"margin-top: 0px; margin-bottom: 25px; padding: 0px; text-indent: 28px; font-size: 14px; text-align: justify; word-wrap: break-word; word-break: normal; color: rgb(43, 43, 43); font-family: simsun, arial, helvetica, clean, sans-serif; white-space: normal; background-color: rgb(255, 255, 255);\">为了解决歼教-7存在的上述缺陷，贵飞在2002年开始研制该机的换代产品教练-9“山鹰”，外贸编号FTC-2000。教练-9在设计上仅沿用了歼教-7的后机身和尾翼，整个前机身和机翼经过彻底重新设计，全新的两侧进气布局解放了机鼻空间，可根据日后需要装备火控雷达；后座舱明显抬高形成阶梯状前后串列座椅布局，大幅改善了后座教官视野；机翼参考歼-7E的成功经验改用全新设计的双三角主翼，大幅提高了低速机动性，降低了降落速度（240公里/小时）；座舱航电也经过重大改进。该机服役后较好地承担起我国空军第三代战斗机的高级训练任务。</p><p class=\"detailPic\" style=\"margin: 0px auto; padding: 0px; text-indent: 28px; font-size: 14px; text-align: center; word-wrap: break-word; word-break: normal; color: rgb(43, 43, 43); font-family: simsun, arial, helvetica, clean, sans-serif; white-space: normal; background-color: rgb(255, 255, 255);\"><img src=\"/ueditor/php/upload/image/20180907/1536312730373699.jpeg\" style=\"border: 0px; vertical-align: bottom; display: block; margin: 0px auto; max-width: 100%; height: auto;\"/></p><p style=\"margin-top: 0px; margin-bottom: 25px; padding: 0px; text-indent: 28px; font-size: 14px; text-align: justify; word-wrap: break-word; word-break: normal; color: rgb(43, 43, 43); font-family: simsun, arial, helvetica, clean, sans-serif; white-space: normal; background-color: rgb(255, 255, 255);\">如果把教练-9“山鹰”视为贵飞第一代魔改米格-21，那么贵飞为海军航空兵研制的教练-9G“海山鹰”就是第二代魔改米格-21了。为了满足海航陆上着舰训练的要求，教练-9G进一步优化了机翼气动设计，用带边条梯形翼取代了原先的双三角翼，增加了展弦比，前缘也从固定扭转改进为机动襟翼。教练-9G后机身下方可能是出于增加尾钩的考虑取消了双腹鳍，取而代之的是增大尺寸且顶部切尖的新式垂尾，平尾面积也相应增加。此外教练-9G还采用了时髦的无附面层隔道DSI进气口，简化设计并降低了结构重量。该机通过大幅改进使降落速度进一步下降到210公里/小时，满足了陆上着舰需求，此外其最大起飞重量也从9.8吨千克提高到11吨，为FTC-2000G“神鹰”的诞生打下了基础。</p><p class=\"detailPic\" style=\"margin: 0px auto; padding: 0px; text-indent: 28px; font-size: 14px; text-align: center; word-wrap: break-word; word-break: normal; color: rgb(43, 43, 43); font-family: simsun, arial, helvetica, clean, sans-serif; white-space: normal; background-color: rgb(255, 255, 255);\"><img src=\"/ueditor/php/upload/image/20180907/1536312730267785.jpeg\" style=\"border: 0px; vertical-align: bottom; display: block; margin: 0px auto; max-width: 100%; height: auto;\"/></p><p style=\"margin-top: 0px; margin-bottom: 25px; padding: 0px; text-indent: 28px; font-size: 14px; text-align: justify; word-wrap: break-word; word-break: normal; color: rgb(43, 43, 43); font-family: simsun, arial, helvetica, clean, sans-serif; white-space: normal; background-color: rgb(255, 255, 255);\">FTC-2000G“神鹰”属于贵飞的第三代魔改米格-21，该机是以教练-9G为基础研制的外贸型多用途轻型战斗机，通过增加火控雷达和武器挂架的方式使该机具有一定的作战能力。该机全机增加了7个外挂点，最大载弹量3吨，在总装交付仪式上可以看到该机翼下挂载了PL-5E空空导弹、火箭巢、250千克航弹，机腹还挂了一个720升超音速副油箱。FTC-2000G以低成本为主打卖点，将为我国歼-7的传统客户提供一种理想后继机。</p><p style=\"margin-top: 0px; margin-bottom: 25px; padding: 0px; text-indent: 28px; font-size: 14px; text-align: justify; word-wrap: break-word; word-break: normal; color: rgb(43, 43, 43); font-family: simsun, arial, helvetica, clean, sans-serif; white-space: normal; background-color: rgb(255, 255, 255);\">在歼-7战斗机停产之后，我国陆续向国际市场推出了三种外贸战斗机，分别是FC-1“枭龙”、FC-20“猛龙”（歼-10A出口型）和FC-31“鹘鹰”，其中性价比最高的是FC-1，单价约为1500~2000万美元。但即便如此便宜的“枭龙”，对于一些小国来说也是无力承受的，因为我国之前的歼-7出口报价才700万美元。</p><p class=\"detailPic\" style=\"margin: 0px auto; padding: 0px; text-indent: 28px; font-size: 14px; text-align: center; word-wrap: break-word; word-break: normal; color: rgb(43, 43, 43); font-family: simsun, arial, helvetica, clean, sans-serif; white-space: normal; background-color: rgb(255, 255, 255);\"><img src=\"/ueditor/php/upload/image/20180907/1536312730442160.jpeg\" style=\"border: 0px; vertical-align: bottom; display: block; margin: 0px auto; max-width: 100%; height: auto;\"/></p><p style=\"margin-top: 0px; margin-bottom: 25px; padding: 0px; text-indent: 28px; font-size: 14px; text-align: justify; word-wrap: break-word; word-break: normal; color: rgb(43, 43, 43); font-family: simsun, arial, helvetica, clean, sans-serif; white-space: normal; background-color: rgb(255, 255, 255);\">FTC-2000G“神鹰”的问世就是来填补歼-7留下的价格区间的，满足一些穷国对低成本战斗机的需求，并与FC-1、FC-20和FC-31形成完成了外贸战斗机产品线，提高国产战斗机在国际市场上的竞争力。同时FTC-2000G还保留了“海山鹰”的全部教练能力，用户购买该机连配套的教练机都省了，以一种飞机同时执行对地攻击、空战、侦察、高级教练等任务，这也是国际上先进高级教练机的一个发展趋势。</p><p><br/></p>', '1536312740', '阿姆斯壮', '4', '5');
INSERT INTO `blog_article` VALUES ('8', '韩国这样嘲讽中国篮球，被姚主席疯狂打脸！', '韩国_篮球_姚主席', '韩国这样嘲讽中国篮球，被姚主席疯狂打脸！最近一段时间柚子的朋友圈\r\n　　几乎都被中国男篮刷屏了\r\n　　硬刚克拉克森率领的菲律宾险胜\r\n　　和印尼比赛中激动爆粗的李指导\r\n　　赢下台北当中疯狂暴走的大魔王\r\n　　最后强势16分逆转伊朗拿下冠军\r\n　　中国男篮用成绩宣告强势回归！', 'uploads/20180907173351_404.jpeg', '<p style=\"border: 0px; margin-top: 0px; margin-bottom: 0px; padding: 26px 0px 0px; font-size: 14px; font-family: 宋体; white-space: normal; background-color: rgb(255, 255, 255); text-align: center;\">　　最近一段时间柚子的朋友圈</p><p style=\"border: 0px; margin-top: 0px; margin-bottom: 0px; padding: 26px 0px 0px; font-size: 14px; font-family: 宋体; white-space: normal; background-color: rgb(255, 255, 255); text-align: center;\">　　几乎都被中国男篮刷屏了</p><p style=\"border: 0px; margin-top: 0px; margin-bottom: 0px; padding: 26px 0px 0px; font-size: 14px; font-family: 宋体; white-space: normal; background-color: rgb(255, 255, 255); text-align: center;\">　　硬刚克拉克森率领的菲律宾险胜</p><p style=\"border: 0px; margin-top: 0px; margin-bottom: 0px; padding: 26px 0px 0px; font-size: 14px; font-family: 宋体; white-space: normal; background-color: rgb(255, 255, 255); text-align: center;\">　　和印尼比赛中激动爆粗的李指导</p><p style=\"border: 0px; margin-top: 0px; margin-bottom: 0px; padding: 26px 0px 0px; font-size: 14px; font-family: 宋体; white-space: normal; background-color: rgb(255, 255, 255); text-align: center;\">　　赢下台北当中疯狂暴走的大魔王</p><p style=\"border: 0px; margin-top: 0px; margin-bottom: 0px; padding: 26px 0px 0px; font-size: 14px; font-family: 宋体; white-space: normal; background-color: rgb(255, 255, 255); text-align: center;\">　　最后强势16分逆转伊朗拿下冠军</p><p style=\"border: 0px; margin-top: 0px; margin-bottom: 0px; padding: 26px 0px 0px; font-size: 14px; font-family: 宋体; white-space: normal; background-color: rgb(255, 255, 255); text-align: center;\">　　中国男篮用成绩宣告强势回归！</p><p style=\"border: 0px; margin-top: 0px; margin-bottom: 0px; padding: 26px 0px 0px; font-size: 14px; font-family: 宋体; white-space: normal; background-color: rgb(255, 255, 255); text-align: center;\">　　<img src=\"http://5b0988e595225.cdn.sohucs.com/images/20180906/4ffac5e3e56e49eaa6fad041fb8b3d07.jpeg\" style=\"border: 0px; margin: 0px; padding: 0px; font-size: 0px; color: transparent;\"/></p><p style=\"border: 0px; margin-top: 0px; margin-bottom: 0px; padding: 26px 0px 0px; font-size: 14px; font-family: 宋体; white-space: normal; background-color: rgb(255, 255, 255); text-align: center;\">上一次中国球迷们如此扬眉吐气</p><p style=\"border: 0px; margin-top: 0px; margin-bottom: 0px; padding: 26px 0px 0px; font-size: 14px; font-family: 宋体; white-space: normal; background-color: rgb(255, 255, 255); text-align: center;\">还要数08奥运会那支中国国家队</p><p style=\"border: 0px; margin-top: 0px; margin-bottom: 0px; padding: 26px 0px 0px; font-size: 14px; font-family: 宋体; white-space: normal; background-color: rgb(255, 255, 255); text-align: center;\"><strong style=\"border: 0px; margin: 0px; padding: 0px;\">姚明，大郅，阿联，陈江华，朱芳雨</strong></p><p style=\"border: 0px; margin-top: 0px; margin-bottom: 0px; padding: 26px 0px 0px; font-size: 14px; font-family: 宋体; white-space: normal; background-color: rgb(255, 255, 255); text-align: center;\">一个个耳熟能详的老牌国手</p><p style=\"border: 0px; margin-top: 0px; margin-bottom: 0px; padding: 26px 0px 0px; font-size: 14px; font-family: 宋体; white-space: normal; background-color: rgb(255, 255, 255); text-align: center;\">那是一支让中国篮球打向世界的队伍</p><p style=\"border: 0px; margin-top: 0px; margin-bottom: 0px; padding: 26px 0px 0px; font-size: 14px; font-family: 宋体; white-space: normal; background-color: rgb(255, 255, 255); text-align: center;\">　　<img src=\"http://5b0988e595225.cdn.sohucs.com/images/20180906/53dbd21891d14ff1b2d9d60b75c0f393.jpeg\" style=\"border: 0px; margin: 0px; padding: 0px; font-size: 0px; color: transparent;\"/></p><p style=\"border: 0px; margin-top: 0px; margin-bottom: 0px; padding: 26px 0px 0px; font-size: 14px; font-family: 宋体; white-space: normal; background-color: rgb(255, 255, 255); text-align: center;\">　　但是随着姚明等老牌球手的退役</p><p style=\"border: 0px; margin-top: 0px; margin-bottom: 0px; padding: 26px 0px 0px; font-size: 14px; font-family: 宋体; white-space: normal; background-color: rgb(255, 255, 255); text-align: center;\">　　中国男篮陷入了前所未有的低谷</p><p style=\"border: 0px; margin-top: 0px; margin-bottom: 0px; padding: 26px 0px 0px; font-size: 14px; font-family: 宋体; white-space: normal; background-color: rgb(255, 255, 255); text-align: center;\">　　<strong style=\"border: 0px; margin: 0px; padding: 0px;\">世界赛场上前八的席位不保不说</strong></p><p style=\"border: 0px; margin-top: 0px; margin-bottom: 0px; padding: 26px 0px 0px; font-size: 14px; font-family: 宋体; white-space: normal; background-color: rgb(255, 255, 255); text-align: center;\">　　<strong style=\"border: 0px; margin: 0px; padding: 0px;\">即便是在亚洲赛场也屡战屡败</strong></p><p style=\"border: 0px; margin-top: 0px; margin-bottom: 0px; padding: 26px 0px 0px; font-size: 14px; font-family: 宋体; white-space: normal; background-color: rgb(255, 255, 255); text-align: center;\">　　<strong style=\"border: 0px; margin: 0px; padding: 0px;\">伊朗、韩国甚至中国台北都成了</strong></p><p style=\"border: 0px; margin-top: 0px; margin-bottom: 0px; padding: 26px 0px 0px; font-size: 14px; font-family: 宋体; white-space: normal; background-color: rgb(255, 255, 255); text-align: center;\">　　<strong style=\"border: 0px; margin: 0px; padding: 0px;\">中国男篮一时难以逾越的鸿沟</strong></p><p style=\"border: 0px; margin-top: 0px; margin-bottom: 0px; padding: 26px 0px 0px; font-size: 14px; font-family: 宋体; white-space: normal; background-color: rgb(255, 255, 255); text-align: center;\">　　<img src=\"http://5b0988e595225.cdn.sohucs.com/images/20180906/34341ced847549329da47f665ac5b701.gif\" style=\"border: 0px; margin: 0px; padding: 0px; font-size: 0px; color: transparent;\"/></p><p style=\"border: 0px; margin-top: 0px; margin-bottom: 0px; padding: 26px 0px 0px; font-size: 14px; font-family: 宋体; white-space: normal; background-color: rgb(255, 255, 255); text-align: center;\">当时球迷们心情大概就是姚主席这样吧</p><p style=\"border: 0px; margin-top: 0px; margin-bottom: 0px; padding: 26px 0px 0px; font-size: 14px; font-family: 宋体; white-space: normal; background-color: rgb(255, 255, 255); text-align: center;\">　　这次亚运会的大满贯</p><p style=\"border: 0px; margin-top: 0px; margin-bottom: 0px; padding: 26px 0px 0px; font-size: 14px; font-family: 宋体; white-space: normal; background-color: rgb(255, 255, 255); text-align: center;\">　　不仅是男篮一支队伍的胜利</p><p style=\"border: 0px; margin-top: 0px; margin-bottom: 0px; padding: 26px 0px 0px; font-size: 14px; font-family: 宋体; white-space: normal; background-color: rgb(255, 255, 255); text-align: center;\">　　更是中国篮球整体水平进步的体现</p><p style=\"border: 0px; margin-top: 0px; margin-bottom: 0px; padding: 26px 0px 0px; font-size: 14px; font-family: 宋体; white-space: normal; background-color: rgb(255, 255, 255); text-align: center;\">　　亚运会的这次里程碑式胜利</p><p style=\"border: 0px; margin-top: 0px; margin-bottom: 0px; padding: 26px 0px 0px; font-size: 14px; font-family: 宋体; white-space: normal; background-color: rgb(255, 255, 255); text-align: center;\">　　让中国球迷们更加期待2019年</p><p style=\"border: 0px; margin-top: 0px; margin-bottom: 0px; padding: 26px 0px 0px; font-size: 14px; font-family: 宋体; white-space: normal; background-color: rgb(255, 255, 255); text-align: center;\">　　即将在家门口举行的男篮世界杯</p><p style=\"border: 0px; margin-top: 0px; margin-bottom: 0px; padding: 26px 0px 0px; font-size: 14px; font-family: 宋体; white-space: normal; background-color: rgb(255, 255, 255); text-align: center;\">　　那将是对中国篮球近几年发展的大考！</p><p style=\"border: 0px; margin-top: 0px; margin-bottom: 0px; padding: 26px 0px 0px; font-size: 14px; font-family: 宋体; white-space: normal; background-color: rgb(255, 255, 255); text-align: center;\">　　<img src=\"http://5b0988e595225.cdn.sohucs.com/images/20180906/4e49242378964f6e8dd04ebaae22ffda.gif\" style=\"border: 0px; margin: 0px; padding: 0px; font-size: 0px; color: transparent;\"/></p><p style=\"border: 0px; margin-top: 0px; margin-bottom: 0px; padding: 26px 0px 0px; font-size: 14px; font-family: 宋体; white-space: normal; background-color: rgb(255, 255, 255); text-align: center;\">对比之下现在球迷们的心情</p><p style=\"border: 0px; margin-top: 0px; margin-bottom: 0px; padding: 26px 0px 0px; font-size: 14px; font-family: 宋体; white-space: normal; background-color: rgb(255, 255, 255); text-align: center;\">美国队此前的拉斯维加斯训练营</p><p style=\"border: 0px; margin-top: 0px; margin-bottom: 0px; padding: 26px 0px 0px; font-size: 14px; font-family: 宋体; white-space: normal; background-color: rgb(255, 255, 255); text-align: center;\">就是为了能够遴选出参加世界杯的球员</p><p style=\"border: 0px; margin-top: 0px; margin-bottom: 0px; padding: 26px 0px 0px; font-size: 14px; font-family: 宋体; white-space: normal; background-color: rgb(255, 255, 255); text-align: center;\">这将是中国球迷近距离接触NBA的机会</p><p style=\"border: 0px; margin-top: 0px; margin-bottom: 0px; padding: 26px 0px 0px; font-size: 14px; font-family: 宋体; white-space: normal; background-color: rgb(255, 255, 255); text-align: center;\">其实大家和NBA也并非隔着太平洋</p><p style=\"border: 0px; margin-top: 0px; margin-bottom: 0px; padding: 26px 0px 0px; font-size: 14px; font-family: 宋体; white-space: normal; background-color: rgb(255, 255, 255); text-align: center;\"><strong style=\"border: 0px; margin: 0px; padding: 0px;\">就可以身临其境体验NBA历史冠军展！</strong></p><p style=\"border: 0px; margin-top: 0px; margin-bottom: 0px; padding: 26px 0px 0px; font-size: 14px; font-family: 宋体; white-space: normal; background-color: rgb(255, 255, 255); text-align: center;\">让陷入低潮的中国篮球事业</p><p style=\"border: 0px; margin-top: 0px; margin-bottom: 0px; padding: 26px 0px 0px; font-size: 14px; font-family: 宋体; white-space: normal; background-color: rgb(255, 255, 255); text-align: center;\">重新焕发荣光的关键人物</p><p style=\"border: 0px; margin-top: 0px; margin-bottom: 0px; padding: 26px 0px 0px; font-size: 14px; font-family: 宋体; white-space: normal; background-color: rgb(255, 255, 255); text-align: center;\">依旧是亚洲篮球第一人姚明！</p><p style=\"border: 0px; margin-top: 0px; margin-bottom: 0px; padding: 26px 0px 0px; font-size: 14px; font-family: 宋体; white-space: normal; background-color: rgb(255, 255, 255); text-align: center;\">球员时期的大姚用惊艳的表现</p><p style=\"border: 0px; margin-top: 0px; margin-bottom: 0px; padding: 26px 0px 0px; font-size: 14px; font-family: 宋体; white-space: normal; background-color: rgb(255, 255, 255); text-align: center;\">让全世界认识了中国篮球</p><p style=\"border: 0px; margin-top: 0px; margin-bottom: 0px; padding: 26px 0px 0px; font-size: 14px; font-family: 宋体; white-space: normal; background-color: rgb(255, 255, 255); text-align: center;\"><strong style=\"border: 0px; margin: 0px; padding: 0px;\">无论是他在NBA时期取得的成就</strong></p><p style=\"border: 0px; margin-top: 0px; margin-bottom: 0px; padding: 26px 0px 0px; font-size: 14px; font-family: 宋体; white-space: normal; background-color: rgb(255, 255, 255); text-align: center;\"><strong style=\"border: 0px; margin: 0px; padding: 0px;\">还是代表中国国家队征战世界赛场</strong></p><p style=\"border: 0px; margin-top: 0px; margin-bottom: 0px; padding: 26px 0px 0px; font-size: 14px; font-family: 宋体; white-space: normal; background-color: rgb(255, 255, 255); text-align: center;\"><strong style=\"border: 0px; margin: 0px; padding: 0px;\">球员姚明都是中国篮球的一张名片</strong></p><p style=\"border: 0px; margin-top: 0px; margin-bottom: 0px; padding: 26px 0px 0px; font-size: 14px; font-family: 宋体; white-space: normal; background-color: rgb(255, 255, 255); text-align: center;\">　　<img src=\"http://5b0988e595225.cdn.sohucs.com/images/20180906/3c67c90637f34d648935db87aaa8adff.jpeg\" style=\"border: 0px; margin: 0px; padding: 0px; font-size: 0px; color: transparent;\"/></p><p style=\"border: 0px; margin-top: 0px; margin-bottom: 0px; padding: 26px 0px 0px; font-size: 14px; font-family: 宋体; white-space: normal; background-color: rgb(255, 255, 255); text-align: center;\">大姚年轻的容颜也是很能打！</p><p style=\"border: 0px; margin-top: 0px; margin-bottom: 0px; padding: 26px 0px 0px; font-size: 14px; font-family: 宋体; white-space: normal; background-color: rgb(255, 255, 255); text-align: center;\">可更让柚子感动至深的</p><p style=\"border: 0px; margin-top: 0px; margin-bottom: 0px; padding: 26px 0px 0px; font-size: 14px; font-family: 宋体; white-space: normal; background-color: rgb(255, 255, 255); text-align: center;\">是那个身为中国篮协主席的姚明</p><p style=\"border: 0px; margin-top: 0px; margin-bottom: 0px; padding: 26px 0px 0px; font-size: 14px; font-family: 宋体; white-space: normal; background-color: rgb(255, 255, 255); text-align: center;\">他这是真正意义上的“受命于危难之际”</p><p style=\"border: 0px; margin-top: 0px; margin-bottom: 0px; padding: 26px 0px 0px; font-size: 14px; font-family: 宋体; white-space: normal; background-color: rgb(255, 255, 255); text-align: center;\">姚明走马上位之后立刻对CBA联赛</p><p style=\"border: 0px; margin-top: 0px; margin-bottom: 0px; padding: 26px 0px 0px; font-size: 14px; font-family: 宋体; white-space: normal; background-color: rgb(255, 255, 255); text-align: center;\">进行了大刀阔斧的改革整顿混乱</p><p style=\"border: 0px; margin-top: 0px; margin-bottom: 0px; padding: 26px 0px 0px; font-size: 14px; font-family: 宋体; white-space: normal; background-color: rgb(255, 255, 255); text-align: center;\"><strong style=\"border: 0px; margin: 0px; padding: 0px;\">对于中国男篮国家队他也付出心血</strong></p><p style=\"border: 0px; margin-top: 0px; margin-bottom: 0px; padding: 26px 0px 0px; font-size: 14px; font-family: 宋体; white-space: normal; background-color: rgb(255, 255, 255); text-align: center;\"><strong style=\"border: 0px; margin: 0px; padding: 0px;\">创新性的“红蓝分队”就是他的想法</strong></p><p style=\"border: 0px; margin-top: 0px; margin-bottom: 0px; padding: 26px 0px 0px; font-size: 14px; font-family: 宋体; white-space: normal; background-color: rgb(255, 255, 255); text-align: center;\"><strong style=\"border: 0px; margin: 0px; padding: 0px;\">让更多年轻血液能够进入国家队历练</strong></p><p style=\"border: 0px; margin-top: 0px; margin-bottom: 0px; padding: 26px 0px 0px; font-size: 14px; font-family: 宋体; white-space: normal; background-color: rgb(255, 255, 255); text-align: center;\"><strong style=\"border: 0px; margin: 0px; padding: 0px;\">为此他顶住了巨大的压力和各方质疑</strong></p><p style=\"border: 0px; margin-top: 0px; margin-bottom: 0px; padding: 26px 0px 0px; font-size: 14px; font-family: 宋体; white-space: normal; background-color: rgb(255, 255, 255); text-align: center;\">　　<img src=\"http://5b0988e595225.cdn.sohucs.com/images/20180906/9ce2ec56065349179a74d8550dc27877.gif\" style=\"border: 0px; margin: 0px; padding: 0px; font-size: 0px; color: transparent;\"/></p><p style=\"border: 0px; margin-top: 0px; margin-bottom: 0px; padding: 26px 0px 0px; font-size: 14px; font-family: 宋体; white-space: normal; background-color: rgb(255, 255, 255); text-align: center;\">中国队的比赛他永远亲临一线默默支持</p><p style=\"border: 0px; margin-top: 0px; margin-bottom: 0px; padding: 26px 0px 0px; font-size: 14px; font-family: 宋体; white-space: normal; background-color: rgb(255, 255, 255); text-align: center;\">　　<img src=\"http://5b0988e595225.cdn.sohucs.com/images/20180906/642c5974bb51433787d7d1d34184b3bd.gif\" style=\"border: 0px; margin: 0px; padding: 0px; font-size: 0px; color: transparent;\"/></p><p style=\"border: 0px; margin-top: 0px; margin-bottom: 0px; padding: 26px 0px 0px; font-size: 14px; font-family: 宋体; white-space: normal; background-color: rgb(255, 255, 255); text-align: center;\">耐心向年轻球员传授经验和技巧</p><p style=\"border: 0px; margin-top: 0px; margin-bottom: 0px; padding: 26px 0px 0px; font-size: 14px; font-family: 宋体; white-space: normal; background-color: rgb(255, 255, 255); text-align: center;\">　　<img src=\"http://5b0988e595225.cdn.sohucs.com/images/20180906/b447e7f8ebbe4d70887004c11450597b.gif\" style=\"border: 0px; margin: 0px; padding: 0px; font-size: 0px; color: transparent;\"/></p><p style=\"border: 0px; margin-top: 0px; margin-bottom: 0px; padding: 26px 0px 0px; font-size: 14px; font-family: 宋体; white-space: normal; background-color: rgb(255, 255, 255); text-align: center;\">获胜之后兴奋的席地而坐大方合影</p><p style=\"border: 0px; margin-top: 0px; margin-bottom: 0px; padding: 26px 0px 0px; font-size: 14px; font-family: 宋体; white-space: normal; background-color: rgb(255, 255, 255); text-align: center;\">他是中国最懂球的主席</p><p style=\"border: 0px; margin-top: 0px; margin-bottom: 0px; padding: 26px 0px 0px; font-size: 14px; font-family: 宋体; white-space: normal; background-color: rgb(255, 255, 255); text-align: center;\">最专业的篮球眼光和执行力</p><p style=\"border: 0px; margin-top: 0px; margin-bottom: 0px; padding: 26px 0px 0px; font-size: 14px; font-family: 宋体; white-space: normal; background-color: rgb(255, 255, 255); text-align: center;\">不被金钱和名利撼动的坚持</p><p style=\"border: 0px; margin-top: 0px; margin-bottom: 0px; padding: 26px 0px 0px; font-size: 14px; font-family: 宋体; white-space: normal; background-color: rgb(255, 255, 255); text-align: center;\">也不求政绩也不急于求成</p><p style=\"border: 0px; margin-top: 0px; margin-bottom: 0px; padding: 26px 0px 0px; font-size: 14px; font-family: 宋体; white-space: normal; background-color: rgb(255, 255, 255); text-align: center;\">为中国篮球的未来打下扎实基础</p><p style=\"border: 0px; margin-top: 0px; margin-bottom: 0px; padding: 26px 0px 0px; font-size: 14px; font-family: 宋体; white-space: normal; background-color: rgb(255, 255, 255); text-align: center;\">　　<img src=\"http://5b0988e595225.cdn.sohucs.com/images/20180906/917d739b764c4a8f84dd099711c2c9ce.jpeg\" style=\"border: 0px; margin: 0px; padding: 0px; font-size: 0px; color: transparent;\"/></p><p style=\"border: 0px; margin-top: 0px; margin-bottom: 0px; padding: 26px 0px 0px; font-size: 14px; font-family: 宋体; white-space: normal; background-color: rgb(255, 255, 255); text-align: center;\">　　<span style=\"border: 0px; margin: 0px; padding: 0px;\">前段时间林书豪“加入中国男篮”的流言</span></p><p style=\"border: 0px; margin-top: 0px; margin-bottom: 0px; padding: 26px 0px 0px; font-size: 14px; font-family: 宋体; white-space: normal; background-color: rgb(255, 255, 255); text-align: center;\">　　姚主席是这样考虑的：</p><p style=\"border: 0px; margin-top: 0px; margin-bottom: 0px; padding: 26px 0px 0px; font-size: 14px; font-family: 宋体; white-space: normal; background-color: rgb(255, 255, 255); text-align: center;\">　　<span style=\"border: 0px; margin: 0px; padding: 0px;\"><strong style=\"border: 0px; margin: 0px; padding: 0px;\">“中国男篮的选手们大多是功能性球员，</strong></span></p><p style=\"border: 0px; margin-top: 0px; margin-bottom: 0px; padding: 26px 0px 0px; font-size: 14px; font-family: 宋体; white-space: normal; background-color: rgb(255, 255, 255); text-align: center;\">　　<span style=\"border: 0px; margin: 0px; padding: 0px;\"><strong style=\"border: 0px; margin: 0px; padding: 0px;\">我们的确需要一个巨星，</strong></span></p><p style=\"border: 0px; margin-top: 0px; margin-bottom: 0px; padding: 26px 0px 0px; font-size: 14px; font-family: 宋体; white-space: normal; background-color: rgb(255, 255, 255); text-align: center;\">　　<span style=\"border: 0px; margin: 0px; padding: 0px;\"><strong style=\"border: 0px; margin: 0px; padding: 0px;\">在关键的时刻进行关键的终结。</strong></span></p><p style=\"border: 0px; margin-top: 0px; margin-bottom: 0px; padding: 26px 0px 0px; font-size: 14px; font-family: 宋体; white-space: normal; background-color: rgb(255, 255, 255); text-align: center;\">　　<span style=\"border: 0px; margin: 0px; padding: 0px;\"><strong style=\"border: 0px; margin: 0px; padding: 0px;\">正因为如此所以才更应该，</strong></span></p><p style=\"border: 0px; margin-top: 0px; margin-bottom: 0px; padding: 26px 0px 0px; font-size: 14px; font-family: 宋体; white-space: normal; background-color: rgb(255, 255, 255); text-align: center;\">　　<span style=\"border: 0px; margin: 0px; padding: 0px;\"><strong style=\"border: 0px; margin: 0px; padding: 0px;\">给国内的年轻人更多锻炼的机会，</strong></span></p><p style=\"border: 0px; margin-top: 0px; margin-bottom: 0px; padding: 26px 0px 0px; font-size: 14px; font-family: 宋体; white-space: normal; background-color: rgb(255, 255, 255); text-align: center;\">　　<span style=\"border: 0px; margin: 0px; padding: 0px;\"><strong style=\"border: 0px; margin: 0px; padding: 0px;\">去发现他们的天赋……”</strong></span></p><p style=\"border: 0px; margin-top: 0px; margin-bottom: 0px; padding: 26px 0px 0px; font-size: 14px; font-family: 宋体; white-space: normal; background-color: rgb(255, 255, 255); text-align: center;\">　　<img src=\"http://5b0988e595225.cdn.sohucs.com/images/20180906/1b380edbee7b41ee881bcd6d4eea9e12.jpeg\" style=\"border: 0px; margin: 0px; padding: 0px; font-size: 0px; color: transparent;\"/></p><p style=\"border: 0px; margin-top: 0px; margin-bottom: 0px; padding: 26px 0px 0px; font-size: 14px; font-family: 宋体; white-space: normal; background-color: rgb(255, 255, 255); text-align: center;\">　　韩国在3V3男篮和5V5女篮</p><p style=\"border: 0px; margin-top: 0px; margin-bottom: 0px; padding: 26px 0px 0px; font-size: 14px; font-family: 宋体; white-space: normal; background-color: rgb(255, 255, 255); text-align: center;\">　　被中国队双双击败后</p><p style=\"border: 0px; margin-top: 0px; margin-bottom: 0px; padding: 26px 0px 0px; font-size: 14px; font-family: 宋体; white-space: normal; background-color: rgb(255, 255, 255); text-align: center;\">　　<strong style=\"border: 0px; margin: 0px; padding: 0px;\">韩国篮协主席方烈主动找姚明握手</strong></p><p style=\"border: 0px; margin-top: 0px; margin-bottom: 0px; padding: 26px 0px 0px; font-size: 14px; font-family: 宋体; white-space: normal; background-color: rgb(255, 255, 255); text-align: center;\">　　<strong style=\"border: 0px; margin: 0px; padding: 0px;\">而且说了句：“你们运气真好。”</strong></p><p style=\"border: 0px; margin-top: 0px; margin-bottom: 0px; padding: 26px 0px 0px; font-size: 14px; font-family: 宋体; white-space: normal; background-color: rgb(255, 255, 255); text-align: center;\">　　<span style=\"border: 0px; margin: 0px; padding: 0px;\"><strong style=\"border: 0px; margin: 0px; padding: 0px;\">姚明有礼貌地伸出了手说：</strong></span></p><p style=\"border: 0px; margin-top: 0px; margin-bottom: 0px; padding: 26px 0px 0px; font-size: 14px; font-family: 宋体; white-space: normal; background-color: rgb(255, 255, 255); text-align: center;\">　　<span style=\"border: 0px; margin: 0px; padding: 0px;\"><strong style=\"border: 0px; margin: 0px; padding: 0px;\">“谢谢方教授，</strong></span></p><p style=\"border: 0px; margin-top: 0px; margin-bottom: 0px; padding: 26px 0px 0px; font-size: 14px; font-family: 宋体; white-space: normal; background-color: rgb(255, 255, 255); text-align: center;\">　　<span style=\"border: 0px; margin: 0px; padding: 0px;\"><strong style=\"border: 0px; margin: 0px; padding: 0px;\">运气一般留给做好准备的人。”</strong></span></p><p style=\"border: 0px; margin-top: 0px; margin-bottom: 0px; padding: 26px 0px 0px; font-size: 14px; font-family: 宋体; white-space: normal; background-color: rgb(255, 255, 255); text-align: center;\">　　<img src=\"http://5b0988e595225.cdn.sohucs.com/images/20180906/e66a04f789ab4aae9c4ffafffbeb90e3.jpeg\" style=\"border: 0px; margin: 0px; padding: 0px; font-size: 0px; color: transparent;\"/></p><p style=\"border: 0px; margin-top: 0px; margin-bottom: 0px; padding: 26px 0px 0px; font-size: 14px; font-family: 宋体; white-space: normal; background-color: rgb(255, 255, 255); text-align: center;\">这样高情商的姚主席让人欣喜</p><p style=\"border: 0px; margin-top: 0px; margin-bottom: 0px; padding: 26px 0px 0px; font-size: 14px; font-family: 宋体; white-space: normal; background-color: rgb(255, 255, 255); text-align: center;\">　　<img src=\"http://5b0988e595225.cdn.sohucs.com/images/20180906/57ef1bfd2a064c7abb571efea58a8735.jpeg\" style=\"border: 0px; margin: 0px; padding: 0px; font-size: 0px; color: transparent;\"/></p><p style=\"border: 0px; margin-top: 0px; margin-bottom: 0px; padding: 26px 0px 0px; font-size: 14px; font-family: 宋体; white-space: normal; background-color: rgb(255, 255, 255); text-align: center;\">这样为中国篮球操心的姚主席也让人心疼</p><p style=\"border: 0px; margin-top: 0px; margin-bottom: 0px; padding: 26px 0px 0px; font-size: 14px; font-family: 宋体; white-space: normal; background-color: rgb(255, 255, 255); text-align: center;\">　　一场亚运会带来的是球迷们的狂欢</p><p style=\"border: 0px; margin-top: 0px; margin-bottom: 0px; padding: 26px 0px 0px; font-size: 14px; font-family: 宋体; white-space: normal; background-color: rgb(255, 255, 255); text-align: center;\">　　对柚子来说更包含对姚明的敬意</p><p style=\"border: 0px; margin-top: 0px; margin-bottom: 0px; padding: 26px 0px 0px; font-size: 14px; font-family: 宋体; white-space: normal; background-color: rgb(255, 255, 255); text-align: center;\">　　“如果有了成绩，我愿意退后一点；</p><p style=\"border: 0px; margin-top: 0px; margin-bottom: 0px; padding: 26px 0px 0px; font-size: 14px; font-family: 宋体; white-space: normal; background-color: rgb(255, 255, 255); text-align: center;\">　　出了问题，当然我来面对。”</p><p style=\"border: 0px; margin-top: 0px; margin-bottom: 0px; padding: 26px 0px 0px; font-size: 14px; font-family: 宋体; white-space: normal; background-color: rgb(255, 255, 255); text-align: center;\">　　这份“成人达己”几乎让柚子泪目</p><p style=\"border: 0px; margin-top: 0px; margin-bottom: 0px; padding: 26px 0px 0px; font-size: 14px; font-family: 宋体; white-space: normal; background-color: rgb(255, 255, 255); text-align: center;\">　　<strong style=\"border: 0px; margin: 0px; padding: 0px;\">可惜姚明的职业生涯因伤退役的太早</strong></p><p style=\"border: 0px; margin-top: 0px; margin-bottom: 0px; padding: 26px 0px 0px; font-size: 14px; font-family: 宋体; white-space: normal; background-color: rgb(255, 255, 255); text-align: center;\">　　<strong style=\"border: 0px; margin: 0px; padding: 0px;\">许多年轻球迷了解如今的主席姚明</strong></p><p style=\"border: 0px; margin-top: 0px; margin-bottom: 0px; padding: 26px 0px 0px; font-size: 14px; font-family: 宋体; white-space: normal; background-color: rgb(255, 255, 255); text-align: center;\">　　<strong style=\"border: 0px; margin: 0px; padding: 0px;\">却没有见识过NBA全明星姚明的风采</strong></p><p style=\"border: 0px; margin-top: 0px; margin-bottom: 0px; padding: 26px 0px 0px; font-size: 14px; font-family: 宋体; white-space: normal; background-color: rgb(255, 255, 255); text-align: center;\">　　<strong style=\"border: 0px; margin: 0px; padding: 0px;\">这不得不说是一个莫大的遗憾</strong></p><p style=\"border: 0px; margin-top: 0px; margin-bottom: 0px; padding: 26px 0px 0px; font-size: 14px; font-family: 宋体; white-space: normal; background-color: rgb(255, 255, 255); text-align: center;\">　　<img src=\"http://5b0988e595225.cdn.sohucs.com/images/20180906/911fef816031420794184a03b537b6dc.jpeg\" style=\"border: 0px; margin: 0px; padding: 0px; font-size: 0px; color: transparent;\"/></p><p style=\"border: 0px; margin-top: 0px; margin-bottom: 0px; padding: 26px 0px 0px; font-size: 14px; font-family: 宋体; white-space: normal; background-color: rgb(255, 255, 255); text-align: center;\">如今我们有机会近距离</p><p style=\"border: 0px; margin-top: 0px; margin-bottom: 0px; padding: 26px 0px 0px; font-size: 14px; font-family: 宋体; white-space: normal; background-color: rgb(255, 255, 255); text-align: center;\">去重温和回味男篮当年带来的震撼</p><p style=\"border: 0px; margin-top: 0px; margin-bottom: 0px; padding: 26px 0px 0px; font-size: 14px; font-family: 宋体; white-space: normal; background-color: rgb(255, 255, 255); text-align: center;\">其中就包括了姚明、大郅、阿联</p><p style=\"border: 0px; margin-top: 0px; margin-bottom: 0px; padding: 26px 0px 0px; font-size: 14px; font-family: 宋体; white-space: normal; background-color: rgb(255, 255, 255); text-align: center;\">一众中国篮球历史上的名宿老将</p><p style=\"border: 0px; margin-top: 0px; margin-bottom: 0px; padding: 26px 0px 0px; font-size: 14px; font-family: 宋体; white-space: normal; background-color: rgb(255, 255, 255); text-align: center;\"><strong style=\"border: 0px; margin: 0px; padding: 0px;\">对于一个忠实的篮球迷来说</strong></p><p style=\"border: 0px; margin-top: 0px; margin-bottom: 0px; padding: 26px 0px 0px; font-size: 14px; font-family: 宋体; white-space: normal; background-color: rgb(255, 255, 255); text-align: center;\"><strong style=\"border: 0px; margin: 0px; padding: 0px;\">还有其他众多NBA名宿包罗其中</strong></p><p style=\"border: 0px; margin-top: 0px; margin-bottom: 0px; padding: 26px 0px 0px; font-size: 14px; font-family: 宋体; white-space: normal; background-color: rgb(255, 255, 255); text-align: center;\"><strong style=\"border: 0px; margin: 0px; padding: 0px;\">无论是冠军还是球队，球星或是装备，</strong></p><p style=\"border: 0px; margin-top: 0px; margin-bottom: 0px; padding: 26px 0px 0px; font-size: 14px; font-family: 宋体; white-space: normal; background-color: rgb(255, 255, 255); text-align: center;\"><strong style=\"border: 0px; margin: 0px; padding: 0px;\">满足你对所有NBA元素的向往！</strong></p><p style=\"text-align: center;\"><strong style=\"border: 0px; margin: 0px; padding: 0px;\"><br/></strong></p><p><br/></p>', '1536312866', '柚子篮球', '4', '2');
INSERT INTO `blog_article` VALUES ('12', '宣传公益形 体彩冠名上海业余自行车赛', '宣传公益形', '　9月1日上午，由上海市长宁区体彩办冠名的上海城市业余联赛暨“体彩杯”上海市业余自行车联赛·虹桥临空站在上海虹桥临空经济园区内举行。本次大赛共有300余名骑行爱好者参加。', 'uploads/20180907173934_886.jpg', '<p>9月1日上午，由上海市长宁区体彩办冠名的上海城市业余联赛暨“体彩杯”上海市业余自行车联赛·虹桥临空站在上海虹桥临空经济园区内举行。本次大赛共有300余名骑行爱好者参加。</p><p style=\"margin-top: 0px; margin-bottom: 0px; padding: 0px 10px; color: rgb(48, 48, 48); font-family: 宋体; font-size: 14px; white-space: normal; background-color: rgb(255, 255, 255); text-align: center;\"><img alt=\"\" src=\"/ueditor/php/upload/image/20180907/1536313197782225.jpg\" data-bd-imgshare-binded=\"1\" style=\"margin: 0px; padding: 0px; border: 0px; width: 500px; height: 334px;\"/></p><p>　　长宁区体彩办利用本次自行车大赛，在赛事现场制作了大量的印有“公益体彩一起上场”宣传语的刀旗、铁马喷绘等，并设立了体育彩票公益宣传点，同时销售和兑付即开型体育彩票。现场品种多样的即开型体育彩票吸引了众多观赛的市民和园区内的工作人员前来购买，在比赛的同时共同分享体育彩票所带来的快乐和幸运，为本次大赛增添了一道靓丽的风景线。长宁区体育局局长王仁伟、副局长张晓磊及副调研员凌建国亲临现场关心、指导体彩有关工作。</p><p>　　今后，长宁区体彩办将继续利用各类大型体育赛事，大力宣传体育彩票公益形象，让更多的人了解关注体育彩票，进一步扩大体育彩票在市民中的影响力。</p><p><br/></p>', '1536313199', '中国体育报', '1', '6');
INSERT INTO `blog_article` VALUES ('14', '张伦硕曾被称小白脸 花积蓄为钟丽缇买六克拉钻戒', '张伦硕_钟丽', '张伦硕曾被称小白脸 花积蓄为钟丽缇买六克拉钻戒;网易娱乐9月7日报道近日，钟丽缇与张伦硕在某综艺节目中畅聊婚恋经过。张伦硕称自己曾被认为是“小白脸”，一度非常愤怒，现场指着钟丽缇说：大家可以问问她花过她钱没有。', 'uploads/20180907174129_425.png', '<p>&nbsp;<span class=\"original\" style=\"margin-right: 20px;\"></span><span class=\"tag\" style=\"float: right;\"></span></p><p style=\"margin-top: 10px; margin-bottom: 20px; padding: 0px; list-style: none; line-height: 30px; word-break: break-all;\"><img src=\"/ueditor/php/upload/image/20180907/1536313314916116.jpeg\" style=\"border: none; max-width: 100%; display: block; height: auto; margin: 10px auto 20px;\"/></p><p style=\"margin-top: 10px; margin-bottom: 20px; padding: 0px; list-style: none; line-height: 30px; word-break: break-all;\">张伦硕曾被认为是小白脸</p><p style=\"margin-top: 10px; margin-bottom: 20px; padding: 0px; list-style: none; line-height: 30px; word-break: break-all;\"><img src=\"/ueditor/php/upload/image/20180907/1536313314826349.jpeg\" style=\"border: none; max-width: 100%; display: block; height: auto; margin: 10px auto 20px;\"/></p><p style=\"margin-top: 10px; margin-bottom: 20px; padding: 0px; list-style: none; line-height: 30px; word-break: break-all;\">张伦硕霸气回应</p><p style=\"margin-top: 10px; margin-bottom: 20px; padding: 0px; list-style: none; line-height: 30px; word-break: break-all;\"><strong>网易娱乐9月7日报道</strong>近日，钟丽缇与张伦硕在某综艺节目中畅聊婚恋经过。张伦硕称自己曾被认为是“小白脸”，一度非常愤怒，现场指着钟丽缇说：大家可以问问她花过她钱没有。</p><p style=\"margin-top: 10px; margin-bottom: 20px; padding: 0px; list-style: none; line-height: 30px; word-break: break-all;\">张伦硕现场称自己没花过钟丽缇的钱，还并自曝曾拿出全部积蓄，为钟丽缇买了六克拉的钻戒，“山东大汉最不能接受这点，你还说我是小白脸，我怎么可能，我最讨厌的就是这点，就完全是被误解的人设，这是完全在侮辱我。”张伦硕难掩激动情绪，气的双手紧握。</p><p><br/></p>', '1536313316', '网易娱乐', '1', '1');

-- ----------------------------
-- Table structure for blog_category
-- ----------------------------
DROP TABLE IF EXISTS `blog_category`;
CREATE TABLE `blog_category` (
  `cate_id` int(11) NOT NULL AUTO_INCREMENT COMMENT '//分类id',
  `cate_name` varchar(50) DEFAULT '' COMMENT '//分类名称',
  `cate_title` varchar(255) DEFAULT '' COMMENT '//分类说明',
  `cate_keywords` varchar(255) DEFAULT '' COMMENT '//关键字',
  `cate_description` varchar(255) DEFAULT '' COMMENT '//描述',
  `cate_view` int(11) DEFAULT '0' COMMENT '//点击次数',
  `cate_order` tinyint(4) DEFAULT '0' COMMENT '//排序',
  `cate_pid` int(11) DEFAULT '0' COMMENT '//父级id',
  PRIMARY KEY (`cate_id`)
) ENGINE=MyISAM AUTO_INCREMENT=20 DEFAULT CHARSET=utf8 COMMENT='//文章分类';

-- ----------------------------
-- Records of blog_category
-- ----------------------------
INSERT INTO `blog_category` VALUES ('1', '娱乐', '人人都有自己的娱乐圈', '娱乐', '娱乐_人人都有自己的娱乐圈', '0', '3', '0');
INSERT INTO `blog_category` VALUES ('2', '体育', '发展体育事业，增强国民体质', '体育', '体育_发展体育事业，增强国民体质', '0', '2', '0');
INSERT INTO `blog_category` VALUES ('3', '新闻', '收集国内最热门的新闻资讯', '新闻', '新闻_收集国内最热门的新闻资讯', '0', '1', '0');
INSERT INTO `blog_category` VALUES ('4', '热门新闻', '最新新闻事件_热点新闻_热点事件网', '热门新闻_新闻', '', '0', '1', '3');
INSERT INTO `blog_category` VALUES ('5', '军事新闻', '军事频道_最多军迷首选的军事门户_新浪网_新浪军事', '军事新闻_新闻', '', '0', '2', '3');
INSERT INTO `blog_category` VALUES ('6', '体育彩票', '国家体育总局体育彩票管理中心官方网站\r\n\r\n', '体育彩票_体育', '', '0', '3', '2');
INSERT INTO `blog_category` VALUES ('7', '腾讯体育', '腾讯体育_腾讯网', '腾讯体育_体育', '', '0', '2', '2');
INSERT INTO `blog_category` VALUES ('10', '娱乐风向标', '收集最热门的娱乐动向', '娱乐_娱乐圈_娱乐风向标', '收集最热门的娱乐动向', '0', '1', '1');
INSERT INTO `blog_category` VALUES ('11', '电竞娱乐', '收集最新的电竞动向', '电竞_娱乐', '电竞_娱乐_收集最新的电竞动向', '0', '2', '1');

-- ----------------------------
-- Table structure for blog_goods
-- ----------------------------
DROP TABLE IF EXISTS `blog_goods`;
CREATE TABLE `blog_goods` (
  `goods_id` int(11) NOT NULL AUTO_INCREMENT COMMENT '//商品ID',
  `goods_name` varchar(100) DEFAULT '' COMMENT '//商品名字',
  `goods_title` varchar(100) DEFAULT '' COMMENT '//商品简介',
  `goods_tag` varchar(255) DEFAULT '' COMMENT '//商品关键字',
  `goods_description` varchar(255) DEFAULT '' COMMENT '//商品描述',
  `goods_thumb` varchar(255) DEFAULT '' COMMENT '//商品缩略图',
  `goods_content` text COMMENT '//商品完整的说明信息',
  `goods_time` int(11) DEFAULT '0' COMMENT '//商品发布时间',
  `goods_view` int(11) DEFAULT '0' COMMENT '//商品点击数',
  `goods_cate_id` int(11) DEFAULT NULL COMMENT '//商品类别ID',
  `goods_price` decimal(10,2) DEFAULT '0.00' COMMENT '//商品价格',
  `goods_stock` bigint(20) DEFAULT '0' COMMENT '//商品库存',
  PRIMARY KEY (`goods_id`)
) ENGINE=InnoDB AUTO_INCREMENT=22 DEFAULT CHARSET=utf8;

-- ----------------------------
-- Records of blog_goods
-- ----------------------------
INSERT INTO `blog_goods` VALUES ('1', '秋装新款纯色工装外套女情侣休闲夹克bf风夹克女宽松上衣潮', '工装外套、情侣休闲夹克、宽松', '工装外套、情侣休闲夹克、宽松', '工装外套、情侣休闲夹克、宽松', 'uploads/20180925162514_119.jpg', 'uploads/20181013174436_5370.jpg|uploads/20181013174436_4701.jpg', '1537863921', '7', '1', '188.00', '0');
INSERT INTO `blog_goods` VALUES ('2', '秋装新款韩版宽松磨白牛仔外套女百搭长袖夹克短外套上衣', '牛仔、外套、长袖夹克、短外套上衣', '牛仔、外套、长袖夹克、短外套上衣', '牛仔、外套、长袖夹克、短外套上衣', 'uploads/20180925163904_430.jpg', 'uploads/20181013174523_3370.jpg|uploads/20181013174523_1001.jpg', '1537864806', '4', '1', '169.00', '0');
INSERT INTO `blog_goods` VALUES ('3', '百搭经典格子拼色男女同款ins超火街拍潮鞋帆布鞋情侣', '滑板鞋、帆布鞋、情侣板鞋', '滑板鞋、帆布鞋、情侣板鞋', '滑板鞋、帆布鞋、情侣板鞋', 'uploads/20180925164609_725.jpg', 'uploads/20181013174629_8360.jpg|uploads/20181013174629_6821.jpg', '1537865211', '27', '2', '51.90', '0');
INSERT INTO `blog_goods` VALUES ('4', '12cm简约交叉细跟超高跟凉鞋包跟搭扣防水台黑色夜店高跟鞋', '12cm、交叉细跟超高跟、凉鞋', '12cm简约交叉细跟超高跟凉鞋包跟搭扣防水台黑色夜店高跟鞋', '12cm简约交叉细跟超高跟凉鞋包跟搭扣防水台黑色夜店高跟鞋', 'uploads/20180925164921_390.jpg', 'uploads/20181013174743_6600.jpg|uploads/20181013174743_7451.jpg', '1537865373', '8', '2', '98.00', '0');
INSERT INTO `blog_goods` VALUES ('5', '原宿风复古松糕厚底鞋森系圆头日系娃娃鞋萌妹Lolita鞋', '厚底鞋、日系娃娃鞋、萌妹Lolita鞋', '原宿风复古松糕厚底鞋森系圆头日系娃娃鞋萌妹Lolita鞋', '原宿风复古松糕厚底鞋森系圆头日系娃娃鞋萌妹Lolita鞋', 'uploads/20180925165051_726.jpg', 'uploads/20181013174816_1880.jpg|uploads/20181013174816_4701.jpg|uploads/20181013174816_6672.jpg', '1537865471', '6', '2', '169.60', '0');
INSERT INTO `blog_goods` VALUES ('6', '鲨鱼毛绒玩具可爱长条睡觉抱枕大白鲨仿真儿童礼物男孩玩偶', '鲨鱼、毛绒玩具、玩偶', '鲨鱼毛绒玩具可爱长条睡觉抱枕大白鲨仿真儿童礼物男孩玩偶', '鲨鱼毛绒玩具可爱长条睡觉抱枕大白鲨仿真儿童礼物男孩玩偶', 'uploads/20180925165318_425.jpg', 'uploads/20181013174901_2130.jpg', '1537865623', '0', '3', '49.90', '0');
INSERT INTO `blog_goods` VALUES ('7', '布加迪科技系列20086威龙奇龙布加迪成人高难度拼装乐拼积木', '乐拼布加迪科技系列、积木', '布加迪科技系列20086威龙奇龙布加迪成人高难度拼装乐拼积木', '布加迪科技系列20086威龙奇龙布加迪成人高难度拼装乐拼积木', 'uploads/20180925165459_133.jpg', 'uploads/20181013174926_9190.jpg|uploads/20181013174926_1321.jpg', '1537865708', '0', '3', '369.00', '0');
INSERT INTO `blog_goods` VALUES ('8', '林氏木业沙发北欧家具小户型实木框客厅现代简约布艺沙发组合', '棉麻面料 实木框架 舒适座包', '林氏木业沙发北欧家具小户型实木框客厅现代简约布艺沙发组合', '林氏木业沙发北欧家具小户型实木框客厅现代简约布艺沙发组合', 'uploads/20180925165907_996.jpg', 'uploads/20181013175014_5640.jpg|uploads/20181013175014_3311.jpg|uploads/20181013175014_6312.jpg|uploads/20181013175014_2743.jpg', '1537865980', '30', '4', '4980.00', '0');
INSERT INTO `blog_goods` VALUES ('9', '家逸实木鞋柜简约现代玄关橡木鞋柜超薄大容量鞋柜斗门厅储物柜', '进口美国白橡木 超薄翻斗大容量', '家逸实木鞋柜简约现代玄关橡木鞋柜超薄大容量鞋柜斗门厅储物柜', '家逸实木鞋柜简约现代玄关橡木鞋柜超薄大容量鞋柜斗门厅储物柜', 'uploads/20180925170427_975.jpg', 'uploads/20181013175103_2960.jpg|uploads/20181013175103_4661.jpg', '1537866299', '0', '4', '468.00', '0');
INSERT INTO `blog_goods` VALUES ('10', '新中式沙发现代禅意客厅实木沙发组合样板房酒店复古家具布艺', '沙发、实木沙发、复古家具', '沙发、实木沙发、复古家具 新中式沙发现代禅意客厅实木沙发组合样板房酒店复古家具布艺', '沙发、实木沙发、复古家具 新中式沙发现代禅意客厅实木沙发组合样板房酒店复古家具布艺', 'uploads/20180925170614_751.jpg', 'uploads/20181013174336_2690.jpg|uploads/20181013174336_5371.jpg', '1537866398', '1', '4', '1880.00', '0');
INSERT INTO `blog_goods` VALUES ('11', '精武鸭脖麻辣鸭脖颗粒盒装鸭脖子500g卤味零食礼包', '武汉传统巷口美食 麻辣鲜香 精武老味道', '武汉传统巷口美食 麻辣鲜香 精武老味道 精武鸭脖麻辣鸭脖颗粒盒装鸭脖子500g卤味零食礼包', '武汉传统巷口美食 麻辣鲜香 精武老味道 精武鸭脖麻辣鸭脖颗粒盒装鸭脖子500g卤味零食礼包', 'uploads/20180925171705_200.jpg', 'uploads/20181013175136_5340.jpg|uploads/20181013175136_1761.jpg', '1537867028', '0', '5', '39.80', '0');
INSERT INTO `blog_goods` VALUES ('12', '是大腿零食店一箱情与愿送女友送女神生日礼物礼物零食礼盒整箱', '是大腿零食、生日礼物', '是大腿零食、生日礼物 是大腿零食店一箱情与愿送女友送女神生日礼物礼物零食礼盒整箱', '是大腿零食、生日礼物 是大腿零食店一箱情与愿送女友送女神生日礼物礼物零食礼盒整箱', 'uploads/20180925171846_873.jpg', 'uploads/20181013175256_2360.jpg|uploads/20181013175256_9741.jpg', '1537867136', '0', '5', '178.00', '0');
INSERT INTO `blog_goods` VALUES ('13', 'Suunto 9 Baro旗舰级专业运动智能光电手表', '颂拓9黑色预售中，预计7天后发货', '颂拓9黑色预售中，预计7天后发货 Suunto 9 Baro旗舰级专业运动智能光电手表', '颂拓9黑色预售中，预计7天后发货 Suunto 9 Baro旗舰级专业运动智能光电手表', 'uploads/20180925171945_312.jpg', 'uploads/20181013175421_5690.jpg|uploads/20181013175421_2881.jpg', '1537867195', '0', '6', '5790.00', '0');
INSERT INTO `blog_goods` VALUES ('14', '正品嘉年华手表女士机械表时尚潮流简约夜光防水钢带女表新款', '胡兵代言 原装正品 知性优雅', '胡兵代言 原装正品 知性优雅 正品嘉年华手表女士机械表时尚潮流简约夜光防水钢带女表新款', '胡兵代言 原装正品 知性优雅 正品嘉年华手表女士机械表时尚潮流简约夜光防水钢带女表新款', 'uploads/20180925172035_904.jpg', 'uploads/20181013175448_6340.jpg|uploads/20181013175448_8991.jpg|uploads/20181013175448_4712.jpg', '1537867246', '0', '6', '298.00', '0');
INSERT INTO `blog_goods` VALUES ('15', '防辐射眼镜女防蓝光眼镜近视平光眼镜护目镜ins圆框眼镜框', '纯钛防辐射眼镜，文艺复古', '纯钛防辐射眼镜，文艺复古 防辐射眼镜女防蓝光眼镜近视平光眼镜护目镜ins圆框眼镜框', '纯钛防辐射眼镜，文艺复古 防辐射眼镜女防蓝光眼镜近视平光眼镜护目镜ins圆框眼镜框', 'uploads/20180925172141_478.jpg', 'uploads/20181013175520_8040.jpg|uploads/20181013175520_4041.jpg|uploads/20181013175520_5762.jpg', '1537867321', '7', '7', '163.00', '0');
INSERT INTO `blog_goods` VALUES ('16', '纯钛防蓝光眼镜架防辐射眼镜女平光眼镜平光镜无度数圆框眼镜框', '纯钛眼镜框，送防蓝光镜片！！', '纯钛眼镜框，送防蓝光镜片！！ 防辐射眼镜女防蓝光眼镜近视平光眼镜护目镜ins圆框眼镜框', '纯钛眼镜框，送防蓝光镜片！！ 防辐射眼镜女防蓝光眼镜近视平光眼镜护目镜ins圆框眼镜框', 'uploads/20180925172242_728.jpg', 'uploads/20181013175607_3720.jpg|uploads/20181013175607_9361.jpg|uploads/20181013175607_9372.jpg', '1537867384', '0', '7', '158.00', '0');
INSERT INTO `blog_goods` VALUES ('17', '2018秋冬高领保暖复古钉花手工花朵中长款针织拼网纱连衣裙', '2018秋冬高领保暖、网纱连衣裙', '2018秋冬高领保暖、网纱连衣裙', '2018秋冬高领保暖、网纱连衣裙1', 'uploads/20181011164246_959.jpg', 'uploads/20181013175634_7950.jpg|uploads/20181013175634_5911.jpg', '1539247467', '8', '1', '272.00', '0');

-- ----------------------------
-- Table structure for blog_goodscate
-- ----------------------------
DROP TABLE IF EXISTS `blog_goodscate`;
CREATE TABLE `blog_goodscate` (
  `gcate_id` int(11) NOT NULL AUTO_INCREMENT COMMENT '//商品类别ID',
  `gcate_name` varchar(100) DEFAULT '' COMMENT '//商品类别名字',
  `gcate_title` varchar(255) DEFAULT '' COMMENT '//商品类别说明',
  `gcate_keywords` varchar(255) DEFAULT '' COMMENT '//商品类别关键字',
  `gcate_description` varchar(255) DEFAULT '' COMMENT '//商品类别描述',
  `gcate_view` int(11) DEFAULT '0' COMMENT '//商品类别点击数',
  PRIMARY KEY (`gcate_id`)
) ENGINE=InnoDB AUTO_INCREMENT=8 DEFAULT CHARSET=utf8;

-- ----------------------------
-- Records of blog_goodscate
-- ----------------------------
INSERT INTO `blog_goodscate` VALUES ('1', '衣服', '短袖、外套、短裤、长裤、牛仔裤、裙子', null, null, '0');
INSERT INTO `blog_goodscate` VALUES ('2', '鞋子', '拖鞋、布鞋、休闲鞋、高跟鞋', null, null, '0');
INSERT INTO `blog_goodscate` VALUES ('3', '玩具', '积木、游戏机、人偶、布娃娃', null, null, '0');
INSERT INTO `blog_goodscate` VALUES ('4', '家具', '桌子、凳子、衣柜、床', null, null, '0');
INSERT INTO `blog_goodscate` VALUES ('5', '零食', '肉干、辣条、膨化食品、泡面、面包、果干', '', '', '0');
INSERT INTO `blog_goodscate` VALUES ('6', '手表', '腕表、机械表、学生表、防水表', null, null, '0');
INSERT INTO `blog_goodscate` VALUES ('7', '眼镜', '太阳镜、墨镜、老花镜、近视眼镜、眼镜架', null, null, '0');

-- ----------------------------
-- Table structure for blog_links
-- ----------------------------
DROP TABLE IF EXISTS `blog_links`;
CREATE TABLE `blog_links` (
  `link_id` int(10) unsigned NOT NULL AUTO_INCREMENT,
  `link_name` varchar(255) COLLATE utf8mb4_unicode_ci NOT NULL DEFAULT '' COMMENT '//名称',
  `link_title` varchar(255) COLLATE utf8mb4_unicode_ci NOT NULL DEFAULT '' COMMENT '//标题',
  `link_url` varchar(255) COLLATE utf8mb4_unicode_ci NOT NULL DEFAULT '' COMMENT '//链接',
  `link_order` int(11) NOT NULL DEFAULT '0' COMMENT '//排序',
  PRIMARY KEY (`link_id`)
) ENGINE=MyISAM AUTO_INCREMENT=7 DEFAULT CHARSET=utf8mb4 COLLATE=utf8mb4_unicode_ci;

-- ----------------------------
-- Records of blog_links
-- ----------------------------
INSERT INTO `blog_links` VALUES ('1', 'yangger.cn', 'cynb', 'yangger.cn', '1');
INSERT INTO `blog_links` VALUES ('2', 'Laravel学院', '致力于提供优质的laravel中文学习资源', 'http://laravelacademy.org/', '3');
INSERT INTO `blog_links` VALUES ('3', 'vue2.x', 'vue2.x', 'https://cn.vuejs.org/v2/guide/', '2');

-- ----------------------------
-- Table structure for blog_migrations
-- ----------------------------
DROP TABLE IF EXISTS `blog_migrations`;
CREATE TABLE `blog_migrations` (
  `id` int(10) unsigned NOT NULL AUTO_INCREMENT,
  `migration` varchar(255) COLLATE utf8mb4_unicode_ci NOT NULL,
  `batch` int(11) NOT NULL,
  PRIMARY KEY (`id`)
) ENGINE=MyISAM AUTO_INCREMENT=3 DEFAULT CHARSET=utf8mb4 COLLATE=utf8mb4_unicode_ci;

-- ----------------------------
-- Records of blog_migrations
-- ----------------------------
INSERT INTO `blog_migrations` VALUES ('2', '2018_09_05_103806_create_links_table', '1');

-- ----------------------------
-- Table structure for blog_user
-- ----------------------------
DROP TABLE IF EXISTS `blog_user`;
CREATE TABLE `blog_user` (
  `user_id` int(11) NOT NULL AUTO_INCREMENT,
  `user_name` varchar(50) DEFAULT '' COMMENT '//用户名',
  `user_pass` varchar(255) DEFAULT '' COMMENT '密码',
  `user_type` varchar(100) DEFAULT '' COMMENT '//用户类型',
  PRIMARY KEY (`user_id`)
) ENGINE=MyISAM AUTO_INCREMENT=3 DEFAULT CHARSET=utf8 COMMENT='//管理员账号';

-- ----------------------------
-- Records of blog_user
-- ----------------------------
INSERT INTO `blog_user` VALUES ('1', 'admin', 'eyJpdiI6IjlyY1p6K04xRlBveXJsc2RhTFh2VHc9PSIsInZhbHVlIjoiclwvYlpNKzIzNUEwNEppRU9cL2pWQ2dRPT0iLCJtYWMiOiIzYjZiNmJjY2E5MGIwNGMxNjAxMzg2M2E1YWIxZmE5YWU5NThiODkwMTU0N2M0ZGVlYTk2ZjNjMDg0M2FjYjdkIn0=', '管理员');
INSERT INTO `blog_user` VALUES ('2', 'zhouruibin', 'eyJpdiI6IjlyY1p6K04xRlBveXJsc2RhTFh2VHc9PSIsInZhbHVlIjoiclwvYlpNKzIzNUEwNEppRU9cL2pWQ2dRPT0iLCJtYWMiOiIzYjZiNmJjY2E5MGIwNGMxNjAxMzg2M2E1YWIxZmE5YWU5NThiODkwMTU0N2M0ZGVlYTk2ZjNjMDg0M2FjYjdkIn0=', '普通用户');
